Asset_ID	Plant	Department	Machine_Type	Asset_Name	Installation_Year	Maintenance_Date	Maintenance_Type	Failure_Type	Downtime_Hours	Repair_Cost_INR	Technician	Priority	Work_Order_Status	Asset_Status	Spare_Part_Used	Repair_Time_Hours	Asset_Age_Years
AST1001	Hyderabad	Packaging	Compressor	Machine-1	2024	2026-01-29	Preventive	No Failure	2.3	37241	Ravi	Critical	Completed	Active	Bearing	2.6	2
AST1002	Hyderabad	Utilities	Compressor	Machine-2	2022	2026-06-04	Corrective	No Failure	10	15946	Priya	High	Completed	Active	None	4.5	4
AST1003	Chennai	Packaging	Conveyor	Machine-3	2018	2026-02-09	Preventive	Bearing Failure	6.8	24041	Meena	High	Completed	Idle	Valve	5.6	8
AST1004	Bengaluru	Packaging	Robot Arm	Machine-4	2020	2026-01-21	Corrective	Sensor Fault	10.6	6058	Ravi	Medium	In Progress	Active	Motor	8.7	6
AST1005	Vizag	Packaging	Compressor	Machine-5	2020	2026-03-13	Preventive	Motor Failure	12.2	43969	Ravi	Medium	Pending	Idle	Motor	2.1	6
AST1006	Bengaluru	Production	Pump	Machine-6	2020	2026-03-11	Preventive	Bearing Failure	4.5	3603	Anil	Critical	In Progress	Active	Motor	9.2	6
AST1007	Pune	Production	Pump	Machine-7	2023	2026-07-03	Preventive	No Failure	8.5	18859	Kumar	Medium	Pending	Idle	Belt	3	3
AST1008	Bengaluru	Quality	CNC Machine	Machine-8	2023	2026-04-20	Preventive	Motor Failure	9.4	7457	Ravi	Low	Completed	Idle	Motor	8	3
AST1009	Hyderabad	Quality	Boiler	Machine-9	2020	2026-06-02	Corrective	Overheating	9.8	37756	Ravi	Low	Pending	Idle	Sensor	7.8	6
AST1010	Pune	Quality	Compressor	Machine-10	2019	2026-01-29	Preventive	No Failure	15.8	18761	Meena	Medium	Pending	Active	None	3.3	7
AST1011	Bengaluru	Production	Compressor	Machine-11	2024	2026-05-10	Preventive	Motor Failure	9.9	36257	Ravi	High	In Progress	Active	Bearing	9.3	2
AST1012	Hyderabad	Production	Generator	Machine-12	2018	2026-03-03	Predictive	Bearing Failure	13.3	6035	Meena	Medium	Completed	Idle	Valve	9.5	8
AST1013	Bengaluru	Utilities	Boiler	Machine-13	2016	2026-03-09	Predictive	Electrical Fault	13.7	14682	Rahul	High	In Progress	Idle	None	4	10
AST1014	Hyderabad	Production	Compressor	Machine-14	2022	2026-04-26	Preventive	Bearing Failure	10.8	16580	Meena	Medium	Completed	Active	None	6.5	4
AST1015	Hyderabad	Packaging	Conveyor	Machine-15	2017	2026-01-18	Corrective	Sensor Fault	12.2	15540	Meena	Medium	Pending	Idle	Belt	5	9
AST1016	Vizag	Production	Conveyor	Machine-16	2021	2026-07-26	Preventive	Overheating	6.7	28441	Priya	Low	Pending	Idle	None	1.4	5
AST1017	Pune	Assembly	Compressor	Machine-17	2020	2026-07-06	Preventive	Electrical Fault	8.4	29148	Kumar	High	In Progress	Active	Bearing	4.7	6
AST1018	Hyderabad	Utilities	Robot Arm	Machine-18	2022	2026-01-26	Preventive	Bearing Failure	16.7	16991	Kumar	Critical	In Progress	Under Maintenance	Motor	8.7	4
AST1019	Vizag	Assembly	Boiler	Machine-19	2014	2026-02-12	Preventive	Overheating	5.5	37922	Rahul	Critical	Completed	Active	Sensor	2.6	12
AST1020	Bengaluru	Assembly	Pump	Machine-20	2014	2026-05-29	Preventive	Bearing Failure	10.7	34454	Meena	Medium	Completed	Idle	Bearing	8.6	12
AST1021	Hyderabad	Production	Boiler	Machine-21	2015	2026-06-02	Preventive	Electrical Fault	4.8	40462	Ravi	Low	In Progress	Idle	Belt	5.9	11
AST1022	Chennai	Packaging	Compressor	Machine-22	2019	2026-03-08	Preventive	Motor Failure	12.3	21160	Priya	High	Completed	Active	Valve	6.4	7
AST1023	Hyderabad	Utilities	Compressor	Machine-23	2023	2026-01-26	Corrective	Motor Failure	16.8	6008	Kumar	High	In Progress	Active	Valve	8.4	3
AST1024	Bengaluru	Utilities	Conveyor	Machine-24	2025	2026-03-19	Corrective	Electrical Fault	5.7	44975	Ravi	Medium	In Progress	Active	Bearing	7.6	1
AST1025	Pune	Utilities	Compressor	Machine-25	2016	2026-03-11	Corrective	Motor Failure	12.5	18800	Meena	Critical	In Progress	Active	Bearing	6.5	10
AST1026	Hyderabad	Packaging	Robot Arm	Machine-26	2018	2026-01-12	Preventive	Sensor Fault	3.3	30456	Meena	Critical	Pending	Active	Bearing	1.2	8
AST1027	Bengaluru	Assembly	Robot Arm	Machine-27	2025	2026-02-08	Preventive	Electrical Fault	3.1	9852	Ravi	High	In Progress	Active	Sensor	2.5	1
AST1028	Hyderabad	Packaging	Robot Arm	Machine-28	2017	2026-06-20	Corrective	Overheating	17.5	11628	Kumar	Medium	Completed	Under Maintenance	Bearing	2.2	9
AST1029	Vizag	Production	CNC Machine	Machine-29	2019	2026-07-20	Preventive	No Failure	2.4	4037	Priya	Medium	Completed	Under Maintenance	Sensor	3.4	7
AST1030	Hyderabad	Production	Boiler	Machine-30	2017	2026-02-27	Preventive	Bearing Failure	17.4	19792	Anil	Critical	Pending	Idle	Sensor	9.4	9
AST1031	Chennai	Utilities	CNC Machine	Machine-31	2015	2026-03-08	Preventive	Electrical Fault	8.1	22057	Priya	Low	In Progress	Idle	Motor	2.9	11
AST1032	Hyderabad	Utilities	Robot Arm	Machine-32	2025	2026-04-22	Corrective	No Failure	17	14412	Anil	Critical	Completed	Idle	Sensor	6.4	1
AST1033	Pune	Utilities	CNC Machine	Machine-33	2024	2026-02-01	Corrective	Sensor Fault	7.5	20876	Meena	Medium	Completed	Under Maintenance	None	9.4	2
AST1034	Chennai	Utilities	Generator	Machine-34	2024	2026-07-11	Preventive	Electrical Fault	15.1	21414	Anil	Medium	In Progress	Idle	Belt	6.7	2
AST1035	Vizag	Production	Generator	Machine-35	2021	2026-04-24	Preventive	No Failure	3.5	7057	Anil	High	Completed	Active	None	3.4	5
AST1036	Hyderabad	Assembly	Compressor	Machine-36	2017	2026-02-07	Predictive	Electrical Fault	15.4	6272	Priya	Critical	Pending	Idle	Motor	7.3	9
AST1037	Vizag	Production	Compressor	Machine-37	2020	2026-05-07	Corrective	Bearing Failure	16.1	8485	Priya	Medium	Completed	Idle	Belt	4.9	6
AST1038	Hyderabad	Quality	Compressor	Machine-38	2022	2026-03-05	Corrective	No Failure	9.8	38129	Meena	High	In Progress	Idle	None	9	4
AST1039	Vizag	Production	Pump	Machine-39	2020	2026-05-21	Predictive	Overheating	5	17703	Rahul	High	Pending	Under Maintenance	None	2.8	6
AST1040	Pune	Production	CNC Machine	Machine-40	2021	2026-01-20	Preventive	Electrical Fault	1.9	11384	Kumar	Critical	Pending	Active	None	2.5	5
AST1041	Pune	Utilities	Boiler	Machine-41	2020	2026-04-15	Preventive	Motor Failure	15.1	27024	Meena	Low	Pending	Under Maintenance	Valve	0.6	6
AST1042	Vizag	Quality	Generator	Machine-42	2019	2026-03-18	Corrective	Electrical Fault	14.5	15953	Priya	Medium	In Progress	Under Maintenance	Valve	0.8	7
AST1043	Vizag	Production	Robot Arm	Machine-43	2019	2026-06-21	Preventive	Motor Failure	17.7	36504	Ravi	Critical	Pending	Idle	None	0.8	7
AST1044	Chennai	Quality	Compressor	Machine-44	2024	2026-04-20	Preventive	Overheating	6.2	31299	Anil	High	In Progress	Under Maintenance	Valve	2.9	2
AST1045	Hyderabad	Utilities	Conveyor	Machine-45	2015	2026-05-01	Predictive	Sensor Fault	4.4	5996	Rahul	Low	Completed	Active	Motor	8.5	11
AST1046	Chennai	Production	Boiler	Machine-46	2023	2026-02-09	Corrective	Electrical Fault	17.1	31976	Rahul	High	In Progress	Active	Belt	6.3	3
AST1047	Hyderabad	Production	CNC Machine	Machine-47	2025	2026-07-03	Preventive	Bearing Failure	16.8	39235	Rahul	Critical	In Progress	Idle	Motor	1.2	1
AST1048	Chennai	Assembly	Pump	Machine-48	2025	2026-06-10	Corrective	No Failure	11	9433	Meena	Low	In Progress	Idle	Valve	6.8	1
AST1049	Pune	Assembly	Robot Arm	Machine-49	2015	2026-05-10	Preventive	Overheating	2.3	25236	Rahul	Critical	Pending	Active	Valve	2.2	11
AST1050	Pune	Utilities	Robot Arm	Machine-50	2022	2026-06-16	Predictive	Overheating	8.6	40328	Anil	High	Completed	Active	Sensor	8.9	4
AST1051	Vizag	Utilities	Generator	Machine-51	2017	2026-07-12	Corrective	Sensor Fault	1	22800	Kumar	Critical	Completed	Under Maintenance	Sensor	3.7	9
AST1052	Pune	Utilities	Conveyor	Machine-52	2023	2026-06-29	Corrective	Motor Failure	2	28135	Priya	Medium	Pending	Under Maintenance	None	7.3	3
AST1053	Hyderabad	Assembly	CNC Machine	Machine-53	2021	2026-07-22	Preventive	No Failure	4.8	39612	Anil	Critical	Pending	Idle	Sensor	4.5	5
AST1054	Pune	Packaging	Pump	Machine-54	2025	2026-05-21	Preventive	Sensor Fault	4.9	9407	Rahul	Medium	In Progress	Active	None	5.6	1
AST1055	Chennai	Production	Pump	Machine-55	2025	2026-02-17	Preventive	No Failure	10.8	35882	Meena	High	Completed	Active	Sensor	2.7	1
AST1056	Hyderabad	Utilities	Compressor	Machine-56	2016	2026-03-19	Preventive	Bearing Failure	10.2	9775	Rahul	Critical	Completed	Active	Belt	3.2	10
AST1057	Pune	Production	Conveyor	Machine-57	2021	2026-04-23	Preventive	Overheating	2.5	5782	Priya	Critical	Completed	Idle	None	7	5
AST1058	Bengaluru	Packaging	Conveyor	Machine-58	2016	2026-02-08	Predictive	Bearing Failure	10.3	28774	Meena	Medium	Pending	Under Maintenance	Valve	9.1	10
AST1059	Vizag	Packaging	Generator	Machine-59	2018	2026-05-31	Corrective	Electrical Fault	17.3	8003	Kumar	Medium	In Progress	Idle	Bearing	2	8
AST1060	Hyderabad	Production	Conveyor	Machine-60	2016	2026-05-22	Preventive	No Failure	10.9	20587	Ravi	Medium	In Progress	Idle	Sensor	7.2	10
AST1061	Chennai	Packaging	Robot Arm	Machine-61	2021	2026-01-19	Corrective	Electrical Fault	12.1	14464	Priya	Low	Pending	Active	None	1.9	5
AST1062	Hyderabad	Assembly	Compressor	Machine-62	2018	2026-02-06	Corrective	Electrical Fault	13.6	38803	Anil	Critical	Completed	Under Maintenance	None	3.4	8
AST1063	Bengaluru	Utilities	Boiler	Machine-63	2020	2026-03-11	Preventive	Electrical Fault	1.2	29813	Rahul	High	Pending	Under Maintenance	Bearing	1.4	6
AST1064	Bengaluru	Assembly	Robot Arm	Machine-64	2024	2026-05-28	Corrective	Sensor Fault	10.6	12981	Priya	Critical	In Progress	Active	Belt	4.6	2
AST1065	Vizag	Packaging	Boiler	Machine-65	2021	2026-01-24	Preventive	No Failure	2.3	12039	Anil	Critical	Pending	Under Maintenance	Sensor	6.8	5
AST1066	Bengaluru	Assembly	Boiler	Machine-66	2020	2026-07-28	Preventive	Sensor Fault	6.2	27988	Meena	Low	Pending	Idle	Valve	4.4	6
AST1067	Pune	Utilities	Robot Arm	Machine-67	2017	2026-05-13	Preventive	Overheating	13.8	14840	Anil	Medium	In Progress	Under Maintenance	None	5.1	9
AST1068	Bengaluru	Production	Pump	Machine-68	2014	2026-06-11	Preventive	Electrical Fault	0.7	28238	Ravi	Medium	Completed	Under Maintenance	Bearing	6.7	12
AST1069	Pune	Utilities	Pump	Machine-69	2016	2026-05-08	Preventive	Overheating	17.7	17473	Priya	Medium	In Progress	Active	Belt	5.3	10
AST1070	Pune	Quality	CNC Machine	Machine-70	2016	2026-01-18	Predictive	Electrical Fault	5.2	1668	Anil	High	Pending	Idle	None	5.2	10
AST1071	Bengaluru	Quality	CNC Machine	Machine-71	2016	2026-04-25	Preventive	Electrical Fault	7.1	22588	Kumar	Medium	Pending	Under Maintenance	Motor	8.6	10
AST1072	Pune	Quality	Pump	Machine-72	2020	2026-01-12	Predictive	Overheating	7.3	44995	Rahul	Medium	In Progress	Active	Motor	5.3	6
AST1073	Hyderabad	Quality	Conveyor	Machine-73	2023	2026-03-26	Corrective	Overheating	0.8	10947	Priya	Medium	Completed	Under Maintenance	Sensor	3.7	3
AST1074	Hyderabad	Packaging	Robot Arm	Machine-74	2025	2026-04-12	Corrective	Electrical Fault	7.2	22252	Rahul	Critical	Pending	Active	Belt	1.1	1
AST1075	Pune	Production	Pump	Machine-75	2024	2026-06-25	Preventive	Bearing Failure	13.8	8086	Priya	Medium	Pending	Under Maintenance	Bearing	0.9	2
AST1076	Pune	Packaging	Boiler	Machine-76	2014	2026-03-17	Preventive	Electrical Fault	7.7	13300	Kumar	Medium	Completed	Idle	Valve	6.4	12
AST1077	Bengaluru	Production	Compressor	Machine-77	2017	2026-05-08	Preventive	Sensor Fault	8.5	2115	Priya	High	Pending	Idle	Motor	1.2	9
AST1078	Pune	Quality	Pump	Machine-78	2019	2026-05-31	Preventive	Sensor Fault	4	26711	Priya	Low	Completed	Under Maintenance	Belt	3.9	7
AST1079	Pune	Assembly	Robot Arm	Machine-79	2018	2026-06-29	Corrective	Sensor Fault	0.6	4714	Meena	Critical	In Progress	Active	Belt	8.1	8
AST1080	Chennai	Utilities	CNC Machine	Machine-80	2017	2026-06-12	Corrective	No Failure	13.9	10463	Rahul	Low	Pending	Idle	Bearing	3.4	9
AST1081	Bengaluru	Packaging	Pump	Machine-81	2021	2026-01-09	Preventive	Sensor Fault	6.2	28730	Kumar	Medium	Completed	Idle	Sensor	5.5	5
AST1082	Pune	Quality	Robot Arm	Machine-82	2018	2026-02-12	Preventive	Sensor Fault	14.6	32192	Ravi	Medium	Completed	Idle	None	6.9	8
AST1083	Bengaluru	Packaging	Conveyor	Machine-83	2020	2026-07-25	Corrective	Bearing Failure	5.1	9599	Priya	High	Pending	Idle	None	3	6
AST1084	Pune	Assembly	Pump	Machine-84	2020	2026-07-30	Preventive	Bearing Failure	11.3	38292	Anil	Medium	Pending	Active	None	8.3	6
AST1085	Vizag	Assembly	Compressor	Machine-85	2025	2026-03-19	Preventive	Bearing Failure	5.8	33784	Ravi	Low	Completed	Idle	Motor	4.2	1
AST1086	Bengaluru	Quality	Generator	Machine-86	2019	2026-06-21	Corrective	Motor Failure	16	44420	Ravi	Critical	Pending	Under Maintenance	Sensor	0.8	7
AST1087	Vizag	Quality	Compressor	Machine-87	2019	2026-02-25	Predictive	Bearing Failure	17.7	25573	Meena	High	Completed	Under Maintenance	Sensor	2.3	7
AST1088	Vizag	Assembly	Pump	Machine-88	2015	2026-07-30	Preventive	No Failure	11	2899	Ravi	High	Completed	Active	Belt	2.4	11
AST1089	Bengaluru	Production	Robot Arm	Machine-89	2022	2026-02-23	Predictive	Sensor Fault	14.1	40558	Ravi	High	Completed	Active	Belt	2.9	4
AST1090	Hyderabad	Production	Conveyor	Machine-90	2016	2026-01-29	Preventive	Motor Failure	10.8	2534	Kumar	High	Completed	Active	None	4.5	10
AST1091	Hyderabad	Quality	Boiler	Machine-91	2015	2026-07-10	Corrective	Electrical Fault	10.9	31122	Meena	Medium	Pending	Active	None	7.9	11
AST1092	Pune	Quality	Pump	Machine-92	2024	2026-05-14	Predictive	Bearing Failure	18	27820	Priya	Low	In Progress	Idle	Valve	1.2	2
AST1093	Bengaluru	Production	Conveyor	Machine-93	2015	2026-03-24	Preventive	Electrical Fault	11.6	37437	Rahul	High	In Progress	Idle	Belt	3.3	11
AST1094	Vizag	Assembly	Robot Arm	Machine-94	2022	2026-06-04	Corrective	No Failure	11.9	37632	Rahul	Medium	In Progress	Under Maintenance	Motor	4.4	4
AST1095	Vizag	Assembly	CNC Machine	Machine-95	2021	2026-04-13	Preventive	No Failure	5	11503	Rahul	Critical	Completed	Active	Bearing	1.4	5
AST1096	Pune	Production	Generator	Machine-96	2015	2026-07-10	Preventive	Electrical Fault	10.3	9510	Priya	High	Pending	Under Maintenance	None	1	11
AST1097	Pune	Packaging	Conveyor	Machine-97	2018	2026-06-03	Corrective	Motor Failure	3.2	33100	Kumar	Low	In Progress	Idle	Sensor	1.6	8
AST1098	Chennai	Quality	Robot Arm	Machine-98	2018	2026-05-27	Corrective	Electrical Fault	11.2	43619	Meena	Low	Pending	Idle	None	3	8
AST1099	Pune	Packaging	CNC Machine	Machine-99	2016	2026-03-11	Preventive	Motor Failure	10.4	27765	Ravi	Medium	Pending	Idle	Bearing	1.4	10
AST1100	Vizag	Quality	Boiler	Machine-100	2022	2026-02-25	Preventive	Sensor Fault	6	22758	Meena	Low	Completed	Active	Motor	7.7	4
AST1101	Hyderabad	Packaging	Boiler	Machine-101	2014	2026-06-22	Corrective	Overheating	11.1	28643	Anil	Medium	Pending	Active	Sensor	4.6	12
AST1102	Bengaluru	Quality	Generator	Machine-102	2018	2026-06-23	Corrective	Bearing Failure	4.4	40777	Ravi	Low	Completed	Under Maintenance	Motor	7.8	8
AST1103	Pune	Assembly	Conveyor	Machine-103	2018	2026-03-16	Preventive	Overheating	3.6	26417	Meena	Medium	Pending	Idle	None	8.2	8
AST1104	Hyderabad	Quality	Conveyor	Machine-104	2015	2026-04-12	Preventive	Bearing Failure	15.6	39232	Priya	Critical	Pending	Idle	Valve	3.3	11
AST1105	Pune	Production	Robot Arm	Machine-105	2020	2026-01-06	Predictive	Overheating	15.1	25214	Ravi	Critical	Completed	Active	Valve	6.1	6
AST1106	Vizag	Packaging	Pump	Machine-106	2022	2026-01-21	Preventive	Sensor Fault	14.1	6505	Meena	Low	Pending	Idle	Motor	9.1	4
AST1107	Chennai	Production	Conveyor	Machine-107	2019	2026-03-31	Preventive	Motor Failure	3.5	11518	Rahul	Low	Completed	Idle	Valve	4.9	7
AST1108	Bengaluru	Quality	Pump	Machine-108	2023	2026-07-14	Predictive	Electrical Fault	11.8	42428	Anil	High	Completed	Under Maintenance	Bearing	5	3
AST1109	Pune	Utilities	Conveyor	Machine-109	2024	2026-03-19	Preventive	Bearing Failure	5.9	31116	Ravi	Low	In Progress	Under Maintenance	Bearing	6.6	2
AST1110	Bengaluru	Utilities	Boiler	Machine-110	2015	2026-06-07	Preventive	Electrical Fault	17.2	4188	Priya	Medium	In Progress	Idle	Valve	5.3	11
AST1111	Hyderabad	Packaging	Pump	Machine-111	2014	2026-04-26	Preventive	No Failure	3.5	17736	Rahul	Critical	In Progress	Idle	Belt	6.3	12
AST1112	Pune	Quality	Boiler	Machine-112	2019	2026-04-06	Corrective	No Failure	11	42845	Rahul	High	Completed	Under Maintenance	Bearing	5.8	7
AST1113	Pune	Utilities	Robot Arm	Machine-113	2020	2026-03-14	Preventive	Bearing Failure	10.7	10768	Anil	High	Pending	Idle	None	4.2	6
AST1114	Hyderabad	Packaging	Generator	Machine-114	2023	2026-07-01	Preventive	Sensor Fault	14.7	35997	Ravi	Critical	Pending	Under Maintenance	Bearing	3.9	3
AST1115	Pune	Quality	Compressor	Machine-115	2016	2026-02-24	Preventive	Motor Failure	3.2	20885	Ravi	Low	Pending	Under Maintenance	Belt	1.7	10
AST1116	Chennai	Production	Robot Arm	Machine-116	2020	2026-02-09	Corrective	Electrical Fault	14.7	12348	Rahul	Critical	Completed	Under Maintenance	Sensor	6.9	6
AST1117	Bengaluru	Packaging	Robot Arm	Machine-117	2017	2026-04-24	Corrective	Overheating	4.6	17174	Anil	Critical	Completed	Under Maintenance	None	9.5	9
AST1118	Pune	Quality	Generator	Machine-118	2021	2026-04-29	Corrective	Motor Failure	14.8	41127	Kumar	High	Completed	Idle	Valve	8.8	5
AST1119	Bengaluru	Assembly	CNC Machine	Machine-119	2022	2026-01-27	Preventive	Motor Failure	5.3	35143	Kumar	Critical	Completed	Active	Valve	8.9	4
AST1120	Hyderabad	Quality	Generator	Machine-120	2014	2026-04-17	Preventive	Overheating	17.9	26070	Kumar	Low	In Progress	Active	None	6.7	12
AST1121	Hyderabad	Packaging	Robot Arm	Machine-121	2016	2026-02-05	Preventive	Motor Failure	13.8	32243	Priya	Low	Completed	Active	Sensor	2.5	10
AST1122	Bengaluru	Utilities	Boiler	Machine-122	2016	2026-05-21	Preventive	Sensor Fault	4.7	9485	Ravi	Medium	In Progress	Idle	Belt	4.8	10
AST1123	Bengaluru	Utilities	Conveyor	Machine-123	2015	2026-05-08	Corrective	Electrical Fault	4.7	10909	Anil	Critical	Completed	Idle	Sensor	2.8	11
AST1124	Hyderabad	Utilities	CNC Machine	Machine-124	2020	2026-02-17	Preventive	Electrical Fault	10	34767	Meena	Low	In Progress	Under Maintenance	Bearing	6.5	6
AST1125	Hyderabad	Packaging	Robot Arm	Machine-125	2019	2026-03-06	Preventive	Motor Failure	13.3	42673	Ravi	High	Completed	Active	Sensor	5.7	7
AST1126	Vizag	Quality	Pump	Machine-126	2024	2026-02-14	Preventive	Motor Failure	1.6	31494	Ravi	High	Completed	Active	Motor	8.9	2
AST1127	Bengaluru	Quality	Robot Arm	Machine-127	2019	2026-03-21	Corrective	Sensor Fault	1.1	43895	Kumar	High	In Progress	Active	None	3.7	7
AST1128	Pune	Quality	Boiler	Machine-128	2015	2026-07-24	Corrective	Overheating	6.4	13743	Priya	Critical	In Progress	Idle	Sensor	8.1	11
AST1129	Hyderabad	Quality	Generator	Machine-129	2025	2026-04-19	Predictive	Motor Failure	10	22550	Ravi	Low	In Progress	Idle	Sensor	3.4	1
AST1130	Vizag	Production	Pump	Machine-130	2023	2026-07-03	Preventive	Overheating	1.2	24605	Meena	Critical	In Progress	Idle	Bearing	1.2	3
AST1131	Pune	Utilities	Robot Arm	Machine-131	2024	2026-04-14	Corrective	Motor Failure	17.2	10857	Meena	Critical	Completed	Active	Bearing	2.7	2
AST1132	Pune	Quality	Generator	Machine-132	2024	2026-04-04	Preventive	Motor Failure	12.4	25811	Anil	Critical	Completed	Idle	Motor	5.5	2
AST1133	Pune	Production	Conveyor	Machine-133	2020	2026-03-22	Preventive	Motor Failure	9.2	26861	Meena	Low	In Progress	Under Maintenance	None	4.7	6
AST1134	Vizag	Production	Conveyor	Machine-134	2023	2026-03-15	Preventive	Bearing Failure	8.4	30670	Ravi	High	Pending	Under Maintenance	None	1.1	3
AST1135	Pune	Production	Pump	Machine-135	2022	2026-03-16	Corrective	No Failure	11.7	25190	Meena	Medium	Completed	Active	Motor	2.7	4
AST1136	Pune	Utilities	Generator	Machine-136	2021	2026-01-07	Preventive	Electrical Fault	2.8	7150	Ravi	High	In Progress	Idle	None	5	5
AST1137	Vizag	Utilities	Conveyor	Machine-137	2020	2026-07-16	Preventive	Sensor Fault	11.7	30989	Priya	High	Completed	Idle	None	6.1	6
AST1138	Bengaluru	Assembly	Robot Arm	Machine-138	2016	2026-04-21	Preventive	Motor Failure	5.8	12114	Anil	Medium	In Progress	Idle	Sensor	8.5	10
AST1139	Bengaluru	Packaging	Compressor	Machine-139	2018	2026-02-20	Corrective	Electrical Fault	9.8	34436	Rahul	Medium	Pending	Idle	Motor	2.1	8
AST1140	Bengaluru	Packaging	Robot Arm	Machine-140	2023	2026-07-04	Predictive	Bearing Failure	14.9	3359	Ravi	Low	Pending	Idle	Sensor	6.7	3
AST1141	Bengaluru	Assembly	Boiler	Machine-141	2023	2026-04-17	Predictive	Electrical Fault	5.6	21298	Priya	Medium	Pending	Under Maintenance	Sensor	4.8	3
AST1142	Chennai	Quality	Boiler	Machine-142	2025	2026-01-16	Preventive	Motor Failure	6.5	10915	Anil	High	Pending	Under Maintenance	Valve	1.7	1
AST1143	Bengaluru	Assembly	CNC Machine	Machine-143	2019	2026-05-12	Preventive	Bearing Failure	5.2	17747	Kumar	Low	Completed	Under Maintenance	Valve	8.7	7
AST1144	Chennai	Packaging	Generator	Machine-144	2020	2026-03-05	Corrective	Motor Failure	13.9	34154	Meena	Critical	In Progress	Under Maintenance	Valve	0.7	6
AST1145	Vizag	Production	Compressor	Machine-145	2020	2026-05-10	Corrective	Bearing Failure	1.4	33933	Meena	Critical	In Progress	Idle	Bearing	8.5	6
AST1146	Pune	Packaging	Robot Arm	Machine-146	2020	2026-02-04	Preventive	Bearing Failure	7.5	38873	Meena	Medium	In Progress	Idle	Sensor	1.2	6
AST1147	Bengaluru	Packaging	Robot Arm	Machine-147	2022	2026-04-26	Predictive	No Failure	11.2	9932	Ravi	Critical	In Progress	Under Maintenance	Belt	9.4	4
AST1148	Bengaluru	Utilities	Boiler	Machine-148	2016	2026-02-20	Corrective	Bearing Failure	1.2	23326	Priya	Critical	Completed	Idle	Belt	1.8	10
AST1149	Chennai	Quality	Generator	Machine-149	2023	2026-03-23	Corrective	Sensor Fault	10.9	34747	Meena	Critical	Pending	Idle	Sensor	5	3
AST1150	Pune	Assembly	Boiler	Machine-150	2014	2026-04-05	Corrective	No Failure	15.8	42739	Ravi	Critical	In Progress	Idle	Belt	6	12
AST1151	Bengaluru	Quality	Compressor	Machine-151	2025	2026-01-14	Corrective	No Failure	11.3	26416	Kumar	Medium	Completed	Idle	None	1.5	1
AST1152	Pune	Quality	Compressor	Machine-152	2014	2026-04-23	Preventive	Motor Failure	7.7	41573	Priya	Low	Pending	Active	Belt	2.5	12
AST1153	Vizag	Utilities	Boiler	Machine-153	2019	2026-06-19	Preventive	Motor Failure	8.5	36439	Anil	High	Pending	Idle	None	6.6	7
AST1154	Bengaluru	Quality	Compressor	Machine-154	2025	2026-03-09	Predictive	Sensor Fault	10.3	16236	Anil	High	Pending	Active	None	7.2	1
AST1155	Pune	Utilities	Robot Arm	Machine-155	2019	2026-05-03	Corrective	Sensor Fault	2.6	37098	Priya	Critical	In Progress	Active	Sensor	0.9	7
AST1156	Pune	Quality	Pump	Machine-156	2025	2026-01-21	Preventive	Overheating	4.2	36796	Anil	High	Completed	Active	Belt	7.5	1
AST1157	Hyderabad	Utilities	Compressor	Machine-157	2017	2026-03-04	Corrective	Bearing Failure	2.3	23146	Rahul	Critical	Completed	Idle	Motor	0.5	9
AST1158	Vizag	Quality	Boiler	Machine-158	2022	2026-02-10	Corrective	Sensor Fault	6.1	43829	Ravi	Low	Pending	Idle	Motor	5.6	4
AST1159	Chennai	Quality	Robot Arm	Machine-159	2025	2026-01-10	Preventive	Bearing Failure	18	27517	Priya	Medium	Pending	Under Maintenance	Bearing	0.6	1
AST1160	Hyderabad	Packaging	CNC Machine	Machine-160	2023	2026-06-04	Preventive	No Failure	10	33869	Kumar	Critical	In Progress	Active	Bearing	3.6	3
AST1161	Pune	Production	Conveyor	Machine-161	2025	2026-04-28	Corrective	Sensor Fault	10.4	14159	Kumar	Critical	In Progress	Idle	Sensor	1.3	1
AST1162	Chennai	Production	Boiler	Machine-162	2024	2026-01-25	Preventive	Motor Failure	0.6	26637	Kumar	Critical	In Progress	Under Maintenance	Sensor	6	2
AST1163	Pune	Packaging	Pump	Machine-163	2023	2026-01-03	Preventive	No Failure	2.6	21606	Kumar	Critical	Pending	Idle	None	7.8	3
AST1164	Pune	Packaging	Generator	Machine-164	2025	2026-01-31	Preventive	Motor Failure	8.9	31317	Rahul	High	In Progress	Idle	Belt	9.2	1
AST1165	Chennai	Production	Pump	Machine-165	2022	2026-07-25	Corrective	Bearing Failure	9.7	36114	Rahul	High	Completed	Idle	Bearing	1.1	4
AST1166	Chennai	Utilities	Generator	Machine-166	2022	2026-05-10	Preventive	Sensor Fault	15.5	30456	Ravi	Medium	Pending	Idle	Valve	1.4	4
AST1167	Hyderabad	Quality	Compressor	Machine-167	2022	2026-04-25	Corrective	Overheating	10.4	38121	Priya	High	Pending	Active	Valve	2.9	4
AST1168	Chennai	Utilities	Conveyor	Machine-168	2014	2026-07-10	Preventive	Sensor Fault	12.8	36965	Ravi	Low	In Progress	Active	Sensor	4.4	12
AST1169	Vizag	Packaging	Boiler	Machine-169	2016	2026-07-16	Preventive	Overheating	7.1	44871	Meena	Medium	Pending	Under Maintenance	Bearing	2.2	10
AST1170	Bengaluru	Production	Pump	Machine-170	2022	2026-04-11	Predictive	Bearing Failure	13.7	21053	Priya	Critical	Pending	Under Maintenance	Motor	2.9	4
AST1171	Pune	Production	Pump	Machine-171	2019	2026-02-09	Corrective	Bearing Failure	14.7	28975	Meena	Low	Completed	Active	Bearing	1.5	7
AST1172	Bengaluru	Assembly	Compressor	Machine-172	2014	2026-04-25	Corrective	Overheating	8.2	36873	Kumar	Low	Completed	Idle	Sensor	2.7	12
AST1173	Pune	Utilities	Generator	Machine-173	2025	2026-05-28	Corrective	Sensor Fault	4.6	10888	Rahul	Medium	In Progress	Under Maintenance	Sensor	1.1	1
AST1174	Chennai	Quality	Generator	Machine-174	2023	2026-07-08	Preventive	Sensor Fault	17	26479	Meena	High	Pending	Under Maintenance	Valve	1.9	3
AST1175	Bengaluru	Quality	Compressor	Machine-175	2020	2026-02-17	Corrective	Sensor Fault	15.5	10960	Priya	Low	Pending	Under Maintenance	Valve	5.8	6
AST1176	Chennai	Packaging	Compressor	Machine-176	2016	2026-04-10	Preventive	Bearing Failure	16.6	25818	Ravi	Medium	Completed	Under Maintenance	Valve	6.9	10
AST1177	Hyderabad	Production	Robot Arm	Machine-177	2023	2026-01-11	Corrective	No Failure	12.3	15722	Priya	Medium	In Progress	Under Maintenance	Bearing	2.5	3
AST1178	Hyderabad	Quality	Compressor	Machine-178	2017	2026-07-09	Corrective	No Failure	4.1	17184	Meena	High	In Progress	Under Maintenance	Valve	5.6	9
AST1179	Pune	Packaging	Generator	Machine-179	2019	2026-03-20	Predictive	Overheating	2.2	32268	Anil	Medium	In Progress	Under Maintenance	Valve	0.9	7
AST1180	Chennai	Assembly	CNC Machine	Machine-180	2017	2026-07-09	Corrective	Electrical Fault	10.6	28866	Anil	Medium	Completed	Under Maintenance	Motor	4.1	9
AST1181	Bengaluru	Packaging	CNC Machine	Machine-181	2017	2026-05-08	Corrective	Overheating	17.4	43554	Rahul	Critical	In Progress	Active	None	8.1	9
AST1182	Bengaluru	Quality	Compressor	Machine-182	2016	2026-02-05	Predictive	Electrical Fault	17.8	5349	Meena	Low	Completed	Idle	Bearing	7.8	10
AST1183	Chennai	Assembly	Pump	Machine-183	2020	2026-02-05	Preventive	Motor Failure	9.4	25958	Ravi	Critical	Pending	Under Maintenance	Bearing	0.6	6
AST1184	Hyderabad	Assembly	Generator	Machine-184	2022	2026-04-16	Corrective	Electrical Fault	17.6	2623	Meena	Critical	Completed	Active	Bearing	5.5	4
AST1185	Bengaluru	Utilities	CNC Machine	Machine-185	2017	2026-02-19	Corrective	Sensor Fault	14.4	6678	Anil	Critical	In Progress	Idle	Motor	9.9	9
AST1186	Hyderabad	Assembly	Conveyor	Machine-186	2017	2026-03-18	Preventive	Overheating	10.2	5177	Rahul	Low	Pending	Active	Bearing	5.2	9
AST1187	Pune	Utilities	Robot Arm	Machine-187	2020	2026-06-15	Predictive	Electrical Fault	16.6	16557	Kumar	Critical	In Progress	Active	Bearing	7	6
AST1188	Bengaluru	Assembly	Compressor	Machine-188	2018	2026-05-20	Predictive	Sensor Fault	0.8	15076	Meena	Medium	Pending	Under Maintenance	Bearing	3.3	8
AST1189	Bengaluru	Quality	Pump	Machine-189	2023	2026-03-03	Predictive	Sensor Fault	7.2	10671	Rahul	Low	Pending	Idle	Sensor	1	3
AST1190	Hyderabad	Packaging	Generator	Machine-190	2020	2026-03-01	Corrective	Electrical Fault	7.4	22889	Ravi	High	In Progress	Under Maintenance	Motor	3.9	6
AST1191	Chennai	Utilities	Pump	Machine-191	2020	2026-04-21	Preventive	Electrical Fault	5.7	17651	Rahul	Low	Completed	Under Maintenance	Motor	4.1	6
AST1192	Vizag	Packaging	CNC Machine	Machine-192	2024	2026-02-09	Preventive	Bearing Failure	17	30646	Anil	High	Completed	Active	Bearing	2.3	2
AST1193	Bengaluru	Utilities	Boiler	Machine-193	2021	2026-05-23	Preventive	Bearing Failure	6.7	7599	Meena	High	In Progress	Active	Sensor	4.4	5
AST1194	Bengaluru	Production	Generator	Machine-194	2015	2026-07-05	Corrective	No Failure	7.2	10599	Anil	High	In Progress	Under Maintenance	Motor	1.1	11
AST1195	Vizag	Packaging	Boiler	Machine-195	2020	2026-03-12	Corrective	Sensor Fault	4.9	17660	Rahul	Critical	Pending	Idle	Motor	4.8	6
AST1196	Hyderabad	Quality	CNC Machine	Machine-196	2016	2026-03-19	Corrective	Overheating	14.6	23096	Priya	High	In Progress	Idle	Belt	1.8	10
AST1197	Chennai	Quality	CNC Machine	Machine-197	2019	2026-06-04	Preventive	Overheating	17.5	20600	Rahul	Critical	Pending	Active	Sensor	4.1	7
AST1198	Hyderabad	Utilities	Compressor	Machine-198	2020	2026-04-04	Corrective	Electrical Fault	3.6	37551	Ravi	Critical	Pending	Active	Valve	8.1	6
AST1199	Vizag	Quality	Compressor	Machine-199	2025	2026-01-18	Corrective	Motor Failure	4.9	11601	Rahul	Critical	In Progress	Active	Valve	9.9	1
AST1200	Vizag	Utilities	Generator	Machine-200	2021	2026-05-30	Predictive	No Failure	7.8	3909	Anil	Low	Completed	Active	None	6.8	5
AST1201	Bengaluru	Assembly	Generator	Machine-201	2016	2026-06-15	Predictive	No Failure	11.8	23231	Priya	Low	Completed	Active	Sensor	2.6	10
AST1202	Bengaluru	Utilities	Pump	Machine-202	2025	2026-05-13	Corrective	Overheating	7	31847	Rahul	Medium	In Progress	Active	Valve	1.5	1
AST1203	Hyderabad	Production	CNC Machine	Machine-203	2020	2026-01-22	Preventive	Overheating	14.2	35651	Priya	High	In Progress	Active	Valve	7.4	6
AST1204	Hyderabad	Packaging	Conveyor	Machine-204	2021	2026-03-23	Corrective	Bearing Failure	0.9	23983	Rahul	Low	Pending	Active	None	2.8	5
AST1205	Chennai	Packaging	Generator	Machine-205	2016	2026-05-22	Preventive	Overheating	4.6	28045	Rahul	Medium	Completed	Idle	None	4.6	10
AST1206	Bengaluru	Production	Boiler	Machine-206	2014	2026-07-08	Corrective	Overheating	0.6	15576	Kumar	High	Pending	Active	Belt	1.5	12
AST1207	Pune	Packaging	Compressor	Machine-207	2022	2026-02-17	Preventive	Sensor Fault	12.2	33578	Meena	High	Pending	Under Maintenance	Belt	4.2	4
AST1208	Pune	Quality	Generator	Machine-208	2015	2026-03-31	Preventive	No Failure	12.9	20993	Meena	Low	Pending	Active	Sensor	1.6	11
AST1209	Chennai	Packaging	Pump	Machine-209	2018	2026-01-30	Preventive	Overheating	7.8	10535	Meena	Critical	In Progress	Active	Valve	6.5	8
AST1210	Chennai	Utilities	Compressor	Machine-210	2025	2026-06-15	Preventive	Motor Failure	3.8	31056	Meena	Low	In Progress	Active	Valve	1.8	1
AST1211	Bengaluru	Quality	Boiler	Machine-211	2020	2026-05-24	Corrective	Overheating	12.9	30588	Priya	Medium	Completed	Idle	Bearing	8.1	6
AST1212	Hyderabad	Packaging	Compressor	Machine-212	2017	2026-03-16	Corrective	Motor Failure	14.2	38570	Rahul	Critical	Pending	Idle	Bearing	5.9	9
AST1213	Bengaluru	Packaging	Generator	Machine-213	2018	2026-07-18	Corrective	Bearing Failure	13.8	30425	Meena	Medium	In Progress	Active	None	8.4	8
AST1214	Hyderabad	Quality	CNC Machine	Machine-214	2017	2026-03-18	Preventive	Bearing Failure	8.2	9193	Kumar	Medium	Pending	Idle	None	3.8	9
AST1215	Vizag	Production	Generator	Machine-215	2025	2026-06-06	Preventive	Motor Failure	14.7	5390	Meena	High	Pending	Under Maintenance	Belt	5.6	1
AST1216	Pune	Packaging	Generator	Machine-216	2019	2026-06-30	Preventive	Electrical Fault	17.7	7740	Kumar	Critical	Completed	Under Maintenance	None	1.7	7
AST1217	Chennai	Packaging	Robot Arm	Machine-217	2016	2026-03-05	Preventive	No Failure	7.4	10817	Meena	High	Pending	Under Maintenance	Valve	4.8	10
AST1218	Hyderabad	Quality	Generator	Machine-218	2024	2026-07-23	Corrective	No Failure	16.9	25687	Priya	Critical	In Progress	Idle	Bearing	8.8	2
AST1219	Vizag	Packaging	Robot Arm	Machine-219	2025	2026-01-24	Preventive	Electrical Fault	7.5	29657	Kumar	Critical	In Progress	Under Maintenance	Sensor	3.7	1
AST1220	Bengaluru	Quality	Robot Arm	Machine-220	2023	2026-02-03	Preventive	No Failure	13.8	4510	Ravi	Critical	Completed	Active	Motor	4.7	3
AST1221	Chennai	Production	Pump	Machine-221	2014	2026-04-20	Preventive	Sensor Fault	2.1	25121	Anil	Low	In Progress	Idle	None	2.1	12
AST1222	Pune	Production	Boiler	Machine-222	2020	2026-06-10	Corrective	No Failure	2.2	15486	Priya	Low	Completed	Idle	Motor	5.4	6
AST1223	Hyderabad	Packaging	Robot Arm	Machine-223	2021	2026-01-03	Preventive	Overheating	12.6	32806	Ravi	Medium	In Progress	Active	None	8.2	5
AST1224	Pune	Packaging	Compressor	Machine-224	2015	2026-03-22	Preventive	Motor Failure	11.7	10862	Ravi	Low	Pending	Idle	Motor	4.7	11
AST1225	Chennai	Quality	Generator	Machine-225	2025	2026-02-24	Corrective	Motor Failure	2	8084	Kumar	Low	Pending	Idle	Valve	3.8	1
AST1226	Chennai	Production	CNC Machine	Machine-226	2020	2026-03-22	Corrective	Motor Failure	10.2	40822	Rahul	High	Pending	Active	None	8.8	6
AST1227	Bengaluru	Utilities	Compressor	Machine-227	2017	2026-05-13	Corrective	Sensor Fault	11.8	17185	Priya	Critical	Completed	Active	Valve	6.6	9
AST1228	Hyderabad	Packaging	CNC Machine	Machine-228	2015	2026-05-16	Preventive	Electrical Fault	7.9	37306	Rahul	Medium	In Progress	Active	Bearing	6.1	11
AST1229	Chennai	Assembly	Conveyor	Machine-229	2014	2026-03-09	Predictive	Overheating	9.4	42694	Rahul	Critical	In Progress	Idle	Valve	1.3	12
AST1230	Bengaluru	Production	CNC Machine	Machine-230	2022	2026-05-18	Preventive	Bearing Failure	9.4	14816	Kumar	High	In Progress	Idle	None	7.8	4
AST1231	Hyderabad	Packaging	Pump	Machine-231	2024	2026-06-24	Preventive	Motor Failure	1.5	7150	Priya	Low	In Progress	Idle	Belt	1	2
AST1232	Chennai	Assembly	Conveyor	Machine-232	2024	2026-07-09	Corrective	No Failure	0.7	34032	Anil	High	Completed	Under Maintenance	Motor	7.6	2
AST1233	Hyderabad	Assembly	CNC Machine	Machine-233	2018	2026-07-07	Corrective	Sensor Fault	9.7	18732	Rahul	Low	In Progress	Under Maintenance	Belt	3.9	8
AST1234	Chennai	Packaging	Compressor	Machine-234	2021	2026-05-26	Preventive	Bearing Failure	16.1	9058	Kumar	Low	Completed	Active	Motor	0.9	5
AST1235	Chennai	Production	Robot Arm	Machine-235	2019	2026-04-09	Preventive	No Failure	13.5	28983	Kumar	High	Completed	Under Maintenance	None	3.5	7
AST1236	Pune	Assembly	Generator	Machine-236	2015	2026-05-27	Corrective	Bearing Failure	3.6	35301	Ravi	Critical	Completed	Under Maintenance	Sensor	7.8	11
AST1237	Hyderabad	Utilities	Boiler	Machine-237	2018	2026-03-25	Preventive	Motor Failure	5.6	21417	Rahul	Medium	In Progress	Under Maintenance	Belt	9.7	8
AST1238	Bengaluru	Production	Compressor	Machine-238	2017	2026-07-07	Preventive	Overheating	0.9	36990	Anil	Low	In Progress	Active	None	4.1	9
AST1239	Pune	Assembly	Compressor	Machine-239	2025	2026-07-06	Corrective	Motor Failure	7.8	5425	Kumar	High	Completed	Active	Motor	9	1
AST1240	Pune	Quality	Pump	Machine-240	2022	2026-04-16	Preventive	Bearing Failure	9.3	43260	Priya	Low	Pending	Idle	Bearing	4.6	4
AST1241	Pune	Packaging	Robot Arm	Machine-241	2016	2026-03-02	Preventive	Overheating	12.8	22881	Anil	Critical	In Progress	Active	Bearing	9.5	10
AST1242	Bengaluru	Assembly	Compressor	Machine-242	2016	2026-07-19	Preventive	Overheating	8.7	28141	Ravi	High	Completed	Under Maintenance	Sensor	4.9	10
AST1243	Chennai	Packaging	Robot Arm	Machine-243	2015	2026-01-24	Corrective	Electrical Fault	1.2	22982	Kumar	Low	Pending	Active	Sensor	4.3	11
AST1244	Pune	Packaging	Robot Arm	Machine-244	2014	2026-06-23	Predictive	Bearing Failure	17.2	31135	Meena	Medium	Completed	Under Maintenance	Bearing	8.1	12
AST1245	Hyderabad	Assembly	Robot Arm	Machine-245	2016	2026-02-01	Corrective	Motor Failure	2.8	27752	Anil	Low	Pending	Idle	Sensor	9.2	10
AST1246	Hyderabad	Production	Pump	Machine-246	2015	2026-01-06	Preventive	Motor Failure	2.1	23228	Ravi	Low	In Progress	Active	Motor	9.3	11
AST1247	Vizag	Quality	Conveyor	Machine-247	2020	2026-07-30	Preventive	Overheating	3.5	15571	Kumar	High	In Progress	Under Maintenance	Motor	0.8	6
AST1248	Chennai	Packaging	Boiler	Machine-248	2023	2026-06-07	Preventive	Electrical Fault	8.9	7248	Anil	Critical	Completed	Under Maintenance	Motor	6.6	3
AST1249	Bengaluru	Assembly	Boiler	Machine-249	2022	2026-03-05	Corrective	Sensor Fault	8.9	33263	Anil	High	In Progress	Under Maintenance	Motor	0.7	4
AST1250	Hyderabad	Packaging	Conveyor	Machine-250	2023	2026-02-26	Corrective	Overheating	9.8	39772	Kumar	Medium	Completed	Active	None	2.8	3
AST1251	Hyderabad	Production	Generator	Machine-251	2022	2026-07-28	Corrective	Overheating	6.7	12884	Kumar	Medium	Pending	Under Maintenance	None	7.1	4
AST1252	Pune	Utilities	Generator	Machine-252	2023	2026-01-08	Preventive	Motor Failure	15.1	33758	Meena	High	Completed	Under Maintenance	Bearing	1.4	3
AST1253	Chennai	Assembly	Generator	Machine-253	2017	2026-06-04	Preventive	Sensor Fault	16.6	14703	Kumar	High	Pending	Active	Sensor	1.1	9
AST1254	Chennai	Assembly	Robot Arm	Machine-254	2016	2026-05-31	Corrective	Sensor Fault	17.3	25983	Rahul	Critical	Pending	Active	Sensor	3.4	10
AST1255	Vizag	Quality	Pump	Machine-255	2016	2026-02-10	Preventive	No Failure	17.5	41720	Anil	Medium	Pending	Idle	Motor	4.1	10
AST1256	Pune	Production	Compressor	Machine-256	2025	2026-06-26	Corrective	No Failure	17.1	27163	Meena	Low	Completed	Idle	Sensor	9.2	1
AST1257	Bengaluru	Assembly	Boiler	Machine-257	2023	2026-02-26	Preventive	No Failure	1.9	24228	Anil	Medium	Pending	Active	None	6.9	3
AST1258	Vizag	Assembly	CNC Machine	Machine-258	2025	2026-03-27	Preventive	No Failure	1.7	18320	Ravi	Low	Completed	Under Maintenance	Valve	7.5	1
AST1259	Vizag	Quality	CNC Machine	Machine-259	2016	2026-04-16	Corrective	Bearing Failure	15	39383	Rahul	Medium	Completed	Under Maintenance	Bearing	8.1	10
AST1260	Hyderabad	Packaging	CNC Machine	Machine-260	2014	2026-03-17	Predictive	Bearing Failure	6.5	26106	Kumar	Low	Pending	Active	Sensor	6.1	12
AST1261	Hyderabad	Quality	Pump	Machine-261	2023	2026-05-04	Preventive	Overheating	3.2	8136	Anil	Medium	Completed	Under Maintenance	None	5.8	3
AST1262	Pune	Packaging	CNC Machine	Machine-262	2025	2026-05-19	Preventive	Bearing Failure	7.4	37522	Priya	Medium	Completed	Under Maintenance	Bearing	4.6	1
AST1263	Bengaluru	Quality	Compressor	Machine-263	2018	2026-07-30	Preventive	Motor Failure	3.5	20624	Ravi	Critical	Completed	Under Maintenance	Valve	5	8
AST1264	Hyderabad	Utilities	Boiler	Machine-264	2024	2026-03-09	Preventive	Overheating	7	30714	Ravi	High	In Progress	Under Maintenance	Sensor	2.6	2
AST1265	Hyderabad	Production	Robot Arm	Machine-265	2018	2026-05-25	Corrective	Bearing Failure	2	24030	Meena	Critical	Pending	Active	Belt	1.1	8
AST1266	Bengaluru	Quality	Generator	Machine-266	2020	2026-07-29	Corrective	Overheating	10.5	16943	Priya	High	Completed	Under Maintenance	None	0.8	6
AST1267	Bengaluru	Utilities	Compressor	Machine-267	2023	2026-05-13	Preventive	Overheating	3.5	12455	Kumar	Medium	Completed	Active	Valve	1.2	3
AST1268	Chennai	Production	Robot Arm	Machine-268	2024	2026-04-22	Corrective	Sensor Fault	16.4	5891	Ravi	Critical	Pending	Under Maintenance	Belt	3.6	2
AST1269	Vizag	Assembly	Robot Arm	Machine-269	2018	2026-05-14	Corrective	Electrical Fault	9.6	28998	Ravi	Critical	Completed	Active	Belt	6.1	8
AST1270	Bengaluru	Assembly	Robot Arm	Machine-270	2015	2026-01-28	Preventive	Electrical Fault	15.9	28428	Anil	Critical	Pending	Under Maintenance	Belt	6.3	11
AST1271	Pune	Quality	Compressor	Machine-271	2014	2026-02-14	Corrective	No Failure	12.6	4041	Priya	High	Pending	Active	Bearing	7.6	12
AST1272	Hyderabad	Packaging	Robot Arm	Machine-272	2018	2026-04-06	Corrective	Sensor Fault	5.4	33718	Rahul	Low	Completed	Active	Sensor	9.8	8
AST1273	Pune	Packaging	Pump	Machine-273	2021	2026-07-18	Preventive	No Failure	2.1	30448	Kumar	Critical	Pending	Under Maintenance	Belt	8.7	5
AST1274	Chennai	Assembly	CNC Machine	Machine-274	2014	2026-05-12	Corrective	Overheating	2.9	35859	Meena	Low	Completed	Active	Motor	8.5	12
AST1275	Vizag	Assembly	CNC Machine	Machine-275	2017	2026-01-09	Corrective	Sensor Fault	6.9	31923	Meena	Critical	Pending	Active	None	0.8	9
AST1276	Bengaluru	Quality	Compressor	Machine-276	2019	2026-05-06	Predictive	Overheating	10.8	24421	Anil	Medium	In Progress	Idle	None	1.4	7
AST1277	Hyderabad	Production	Robot Arm	Machine-277	2014	2026-04-09	Corrective	Motor Failure	15.5	43926	Kumar	Medium	In Progress	Idle	Valve	5.4	12
AST1278	Vizag	Production	Pump	Machine-278	2024	2026-01-03	Preventive	Bearing Failure	4.4	41368	Anil	High	In Progress	Under Maintenance	Sensor	4.9	2
AST1279	Pune	Utilities	Robot Arm	Machine-279	2017	2026-04-30	Corrective	Electrical Fault	2.3	35022	Rahul	High	Pending	Idle	Belt	6.3	9
AST1280	Hyderabad	Quality	Conveyor	Machine-280	2018	2026-06-25	Preventive	Sensor Fault	11.7	19645	Anil	High	Completed	Active	Belt	7.8	8
AST1281	Bengaluru	Quality	Pump	Machine-281	2014	2026-07-26	Preventive	Motor Failure	13.1	44452	Priya	High	In Progress	Under Maintenance	Valve	4.2	12
AST1282	Bengaluru	Production	CNC Machine	Machine-282	2014	2026-05-30	Corrective	Motor Failure	12.5	43332	Priya	High	Pending	Under Maintenance	Motor	8.5	12
AST1283	Pune	Assembly	Boiler	Machine-283	2022	2026-02-16	Preventive	Sensor Fault	13.2	38136	Kumar	High	Pending	Active	Motor	3.9	4
AST1284	Vizag	Packaging	CNC Machine	Machine-284	2025	2026-03-20	Preventive	Sensor Fault	8.6	9218	Priya	Low	Pending	Idle	Belt	9.5	1
AST1285	Chennai	Utilities	Conveyor	Machine-285	2015	2026-05-01	Predictive	Overheating	9.8	28573	Ravi	Medium	Completed	Active	Sensor	4.4	11
AST1286	Chennai	Packaging	Robot Arm	Machine-286	2023	2026-04-28	Corrective	Bearing Failure	9	42855	Kumar	High	Pending	Active	Bearing	4.8	3
AST1287	Chennai	Utilities	Robot Arm	Machine-287	2017	2026-07-14	Preventive	Bearing Failure	2.8	29923	Rahul	Critical	In Progress	Under Maintenance	Valve	4.1	9
AST1288	Chennai	Packaging	Conveyor	Machine-288	2014	2026-05-17	Predictive	Electrical Fault	3.8	1770	Rahul	Medium	Completed	Idle	Sensor	3.5	12
AST1289	Bengaluru	Utilities	CNC Machine	Machine-289	2015	2026-04-09	Preventive	Bearing Failure	5.7	20559	Priya	High	In Progress	Idle	Motor	3.8	11
AST1290	Chennai	Production	Robot Arm	Machine-290	2021	2026-04-02	Preventive	Motor Failure	4.4	10098	Kumar	Low	Pending	Idle	Motor	1.7	5
AST1291	Hyderabad	Quality	Pump	Machine-291	2025	2026-06-16	Preventive	Electrical Fault	11.4	40423	Ravi	Low	Pending	Active	Bearing	7.1	1
AST1292	Vizag	Assembly	Generator	Machine-292	2020	2026-04-24	Preventive	No Failure	3.2	42808	Ravi	High	In Progress	Idle	Bearing	6.8	6
AST1293	Bengaluru	Production	Boiler	Machine-293	2018	2026-06-09	Corrective	Bearing Failure	9.5	41981	Ravi	High	Completed	Active	Valve	2.4	8
AST1294	Pune	Utilities	Compressor	Machine-294	2017	2026-07-19	Preventive	Overheating	5.7	4082	Meena	Critical	Completed	Idle	Valve	3.6	9
AST1295	Hyderabad	Assembly	Robot Arm	Machine-295	2014	2026-01-04	Corrective	Overheating	3.1	7403	Meena	Low	Pending	Idle	Bearing	9.1	12
AST1296	Vizag	Packaging	CNC Machine	Machine-296	2024	2026-03-01	Preventive	Bearing Failure	14.7	4085	Anil	High	Pending	Under Maintenance	Valve	7.5	2
AST1297	Hyderabad	Assembly	Robot Arm	Machine-297	2015	2026-07-14	Preventive	No Failure	3.5	24930	Priya	High	Pending	Active	Sensor	8.2	11
AST1298	Vizag	Quality	Boiler	Machine-298	2016	2026-01-30	Preventive	Overheating	12.6	32842	Priya	Medium	Completed	Active	None	7.4	10
AST1299	Vizag	Utilities	Boiler	Machine-299	2016	2026-01-27	Corrective	No Failure	8.2	41563	Priya	High	Pending	Active	None	8.9	10
AST1300	Vizag	Quality	Conveyor	Machine-300	2025	2026-02-03	Predictive	Overheating	1.3	18645	Rahul	High	Completed	Idle	None	5.5	1
AST1301	Bengaluru	Production	Pump	Machine-301	2025	2026-05-28	Predictive	Electrical Fault	9.7	42016	Ravi	Critical	Pending	Idle	Motor	5.1	1
AST1302	Vizag	Production	Robot Arm	Machine-302	2024	2026-06-23	Corrective	Electrical Fault	1.5	43665	Kumar	Critical	In Progress	Active	Bearing	7.6	2
AST1303	Pune	Packaging	Conveyor	Machine-303	2019	2026-03-03	Corrective	Electrical Fault	11.8	27929	Kumar	Low	In Progress	Under Maintenance	Belt	4.8	7
AST1304	Pune	Assembly	Boiler	Machine-304	2021	2026-04-25	Corrective	Bearing Failure	2.3	28523	Ravi	Low	Completed	Idle	Belt	6.6	5
AST1305	Chennai	Quality	CNC Machine	Machine-305	2022	2026-05-24	Preventive	Bearing Failure	14.8	31283	Anil	Critical	Pending	Idle	Sensor	7.3	4
AST1306	Chennai	Assembly	CNC Machine	Machine-306	2015	2026-01-25	Preventive	No Failure	17.4	20635	Meena	High	Pending	Active	Bearing	9	11
AST1307	Vizag	Assembly	CNC Machine	Machine-307	2021	2026-02-05	Corrective	Motor Failure	2.6	27248	Kumar	Critical	Completed	Idle	Sensor	1.5	5
AST1308	Bengaluru	Assembly	Robot Arm	Machine-308	2020	2026-01-12	Predictive	Overheating	12	34543	Kumar	Critical	Completed	Idle	None	1	6
AST1309	Vizag	Utilities	Robot Arm	Machine-309	2020	2026-05-30	Predictive	Motor Failure	12.6	12880	Rahul	Medium	Completed	Under Maintenance	None	6.2	6
AST1310	Vizag	Quality	Generator	Machine-310	2019	2026-05-10	Predictive	Motor Failure	5.3	23969	Anil	Critical	Completed	Active	Valve	6.2	7
AST1311	Pune	Utilities	Robot Arm	Machine-311	2025	2026-05-12	Preventive	No Failure	16.9	42956	Kumar	Medium	Completed	Idle	None	3.3	1
AST1312	Chennai	Production	Generator	Machine-312	2019	2026-06-22	Corrective	No Failure	6.1	9063	Anil	Critical	Pending	Idle	None	7.2	7
AST1313	Bengaluru	Packaging	Robot Arm	Machine-313	2024	2026-07-11	Preventive	Bearing Failure	9.6	3156	Priya	Medium	Completed	Idle	Bearing	2.4	2
AST1314	Pune	Production	Robot Arm	Machine-314	2016	2026-03-15	Preventive	Sensor Fault	4.1	36966	Ravi	High	In Progress	Active	Belt	8.7	10
AST1315	Chennai	Utilities	Boiler	Machine-315	2025	2026-05-24	Preventive	No Failure	5.5	4578	Priya	Critical	In Progress	Idle	Sensor	9.7	1
AST1316	Pune	Production	Generator	Machine-316	2014	2026-01-04	Predictive	Overheating	15	43035	Rahul	High	Pending	Idle	None	6.2	12
AST1317	Pune	Quality	Compressor	Machine-317	2025	2026-02-19	Predictive	Bearing Failure	3.8	12889	Rahul	Low	In Progress	Active	Valve	3.2	1
AST1318	Chennai	Utilities	Robot Arm	Machine-318	2018	2026-02-03	Preventive	Sensor Fault	8.7	11645	Ravi	Medium	In Progress	Idle	Bearing	7.8	8
AST1319	Pune	Quality	Robot Arm	Machine-319	2024	2026-06-07	Corrective	Sensor Fault	1.8	22331	Meena	Medium	Completed	Idle	Bearing	8	2
AST1320	Bengaluru	Utilities	Boiler	Machine-320	2016	2026-04-17	Preventive	Motor Failure	16	44972	Anil	High	In Progress	Under Maintenance	Motor	9.5	10
AST1321	Vizag	Utilities	Robot Arm	Machine-321	2023	2026-05-16	Corrective	No Failure	0.7	24175	Priya	Medium	Pending	Idle	Belt	2.8	3
AST1322	Pune	Quality	Robot Arm	Machine-322	2014	2026-06-24	Predictive	Overheating	5	20035	Ravi	High	Pending	Idle	Valve	5.1	12
AST1323	Chennai	Packaging	Generator	Machine-323	2018	2026-06-16	Preventive	Bearing Failure	3.4	36756	Meena	Low	Pending	Active	Motor	6.9	8
AST1324	Vizag	Assembly	Compressor	Machine-324	2017	2026-06-25	Corrective	No Failure	15.9	30023	Rahul	Low	Pending	Idle	Motor	0.7	9
AST1325	Hyderabad	Assembly	Conveyor	Machine-325	2025	2026-03-26	Preventive	Sensor Fault	10.3	39180	Kumar	High	In Progress	Under Maintenance	Valve	6.5	1
AST1326	Hyderabad	Quality	Pump	Machine-326	2020	2026-03-22	Preventive	Bearing Failure	11.7	42024	Ravi	Low	Pending	Active	Sensor	9.3	6
AST1327	Pune	Utilities	Conveyor	Machine-327	2015	2026-03-16	Preventive	Overheating	7.2	44801	Ravi	Critical	Completed	Idle	Motor	1.8	11
AST1328	Bengaluru	Packaging	Pump	Machine-328	2020	2026-07-23	Preventive	No Failure	16	43963	Anil	Low	Pending	Idle	Motor	1.7	6
AST1329	Bengaluru	Quality	Generator	Machine-329	2014	2026-05-27	Corrective	Bearing Failure	5.8	24034	Kumar	Critical	Pending	Idle	Motor	2	12
AST1330	Pune	Production	Conveyor	Machine-330	2017	2026-06-07	Preventive	Electrical Fault	15.4	37469	Priya	Low	In Progress	Idle	Bearing	2.9	9
AST1331	Bengaluru	Quality	CNC Machine	Machine-331	2017	2026-07-05	Preventive	No Failure	12	8056	Anil	Low	Completed	Under Maintenance	Valve	4.8	9
AST1332	Pune	Utilities	Compressor	Machine-332	2023	2026-06-18	Corrective	Sensor Fault	14.6	29569	Kumar	Low	In Progress	Active	Motor	7.3	3
AST1333	Pune	Packaging	Compressor	Machine-333	2024	2026-04-22	Corrective	Sensor Fault	15.9	31833	Priya	High	In Progress	Under Maintenance	Belt	1.5	2
AST1334	Hyderabad	Packaging	Robot Arm	Machine-334	2024	2026-06-05	Corrective	Electrical Fault	3.9	42566	Ravi	Low	Completed	Idle	None	0.8	2
AST1335	Vizag	Utilities	Compressor	Machine-335	2023	2026-05-29	Predictive	Electrical Fault	5.1	36868	Priya	Medium	In Progress	Under Maintenance	Motor	9	3
AST1336	Pune	Production	Boiler	Machine-336	2023	2026-07-07	Corrective	Bearing Failure	7.4	34410	Ravi	Medium	Pending	Idle	Motor	7.7	3
AST1337	Chennai	Production	Generator	Machine-337	2016	2026-04-25	Predictive	No Failure	15.8	11081	Rahul	Critical	In Progress	Active	Motor	7.7	10
AST1338	Pune	Packaging	Compressor	Machine-338	2017	2026-01-17	Preventive	Motor Failure	9.6	25174	Priya	Critical	In Progress	Active	Bearing	9.8	9
AST1339	Bengaluru	Packaging	Robot Arm	Machine-339	2019	2026-01-27	Corrective	Electrical Fault	10	12893	Priya	Critical	In Progress	Idle	None	9	7
AST1340	Pune	Quality	Compressor	Machine-340	2015	2026-05-13	Corrective	Sensor Fault	14.8	24112	Priya	Critical	Pending	Active	Belt	8.9	11
AST1341	Chennai	Assembly	Generator	Machine-341	2021	2026-02-12	Corrective	Motor Failure	3.1	11812	Anil	Low	Pending	Active	Valve	8.2	5
AST1342	Vizag	Quality	Boiler	Machine-342	2025	2026-01-30	Preventive	Motor Failure	11.8	28428	Ravi	Medium	Completed	Active	Belt	6.1	1
AST1343	Bengaluru	Assembly	Generator	Machine-343	2016	2026-06-11	Preventive	Motor Failure	5	13298	Meena	Critical	Pending	Idle	None	0.7	10
AST1344	Pune	Assembly	Compressor	Machine-344	2025	2026-07-06	Preventive	Overheating	15.7	12678	Kumar	Critical	Pending	Active	Belt	8.3	1
AST1345	Bengaluru	Packaging	Compressor	Machine-345	2016	2026-06-09	Corrective	Sensor Fault	16.6	40594	Meena	Low	Completed	Under Maintenance	Valve	1.8	10
AST1346	Bengaluru	Utilities	Pump	Machine-346	2014	2026-02-21	Preventive	Motor Failure	11.1	13127	Priya	Low	Pending	Idle	Bearing	1.4	12
AST1347	Bengaluru	Utilities	Robot Arm	Machine-347	2024	2026-02-03	Preventive	No Failure	11.9	35712	Priya	High	Completed	Idle	Belt	4.6	2
AST1348	Vizag	Packaging	Generator	Machine-348	2021	2026-07-22	Corrective	No Failure	10.6	29384	Kumar	High	In Progress	Active	Bearing	3.2	5
AST1349	Pune	Production	Conveyor	Machine-349	2022	2026-04-15	Corrective	Bearing Failure	10.6	9222	Meena	Low	In Progress	Idle	Motor	7	4
AST1350	Pune	Assembly	Compressor	Machine-350	2019	2026-04-15	Preventive	Electrical Fault	4.9	36634	Priya	High	Pending	Under Maintenance	None	4.3	7
AST1351	Bengaluru	Utilities	Boiler	Machine-351	2017	2026-04-16	Preventive	Electrical Fault	10.2	18131	Anil	High	Pending	Under Maintenance	None	1.8	9
AST1352	Chennai	Quality	Robot Arm	Machine-352	2024	2026-01-31	Corrective	Motor Failure	2.3	34814	Priya	High	Pending	Idle	None	7	2
AST1353	Vizag	Assembly	Robot Arm	Machine-353	2014	2026-02-11	Preventive	Motor Failure	8.8	40837	Priya	Low	Completed	Under Maintenance	Motor	4	12
AST1354	Vizag	Quality	Generator	Machine-354	2023	2026-01-10	Corrective	Sensor Fault	13	40655	Ravi	Medium	Pending	Under Maintenance	Valve	0.6	3
AST1355	Bengaluru	Packaging	Compressor	Machine-355	2024	2026-07-25	Preventive	Electrical Fault	9.4	16682	Meena	Medium	Pending	Active	Sensor	2.8	2
AST1356	Hyderabad	Packaging	Robot Arm	Machine-356	2014	2026-02-10	Preventive	No Failure	7.4	39909	Kumar	Low	Pending	Idle	Bearing	9.2	12
AST1357	Bengaluru	Utilities	CNC Machine	Machine-357	2022	2026-03-14	Preventive	Sensor Fault	4.5	14248	Priya	Critical	Pending	Active	Sensor	2.2	4
AST1358	Bengaluru	Assembly	Generator	Machine-358	2022	2026-01-28	Preventive	Bearing Failure	14.6	18388	Meena	High	Pending	Under Maintenance	Valve	5.9	4
AST1359	Pune	Quality	Pump	Machine-359	2017	2026-07-13	Preventive	Electrical Fault	15.6	33086	Ravi	High	Completed	Under Maintenance	None	8	9
AST1360	Chennai	Packaging	Boiler	Machine-360	2017	2026-06-23	Predictive	Electrical Fault	9.9	18758	Kumar	High	Completed	Under Maintenance	None	7.6	9
AST1361	Bengaluru	Production	Boiler	Machine-361	2019	2026-01-20	Preventive	Motor Failure	16.2	19134	Kumar	Medium	In Progress	Idle	Motor	2.7	7
AST1362	Chennai	Production	Compressor	Machine-362	2017	2026-03-09	Corrective	Electrical Fault	6.7	8491	Ravi	Low	Pending	Idle	Valve	6.3	9
AST1363	Vizag	Packaging	Generator	Machine-363	2022	2026-01-11	Preventive	Electrical Fault	15.7	33665	Kumar	High	In Progress	Active	Belt	1.7	4
AST1364	Vizag	Quality	Generator	Machine-364	2022	2026-07-24	Preventive	Sensor Fault	7.4	12955	Priya	Low	Pending	Idle	Valve	3.5	4
AST1365	Chennai	Quality	Generator	Machine-365	2014	2026-01-04	Preventive	Sensor Fault	11.2	18519	Kumar	High	Completed	Under Maintenance	Valve	9.6	12
AST1366	Chennai	Quality	Boiler	Machine-366	2019	2026-04-04	Preventive	No Failure	13.7	25425	Priya	High	In Progress	Active	Belt	1.7	7
AST1367	Chennai	Assembly	Pump	Machine-367	2023	2026-06-25	Preventive	Motor Failure	10.2	26461	Kumar	Medium	Pending	Active	Valve	8.2	3
AST1368	Vizag	Production	Robot Arm	Machine-368	2016	2026-04-18	Corrective	Electrical Fault	13.1	33391	Anil	High	Pending	Idle	Bearing	4.3	10
AST1369	Hyderabad	Production	Robot Arm	Machine-369	2025	2026-02-11	Preventive	No Failure	2.2	23432	Anil	High	In Progress	Idle	Belt	9.4	1
AST1370	Hyderabad	Quality	Conveyor	Machine-370	2018	2026-03-30	Preventive	No Failure	17.4	14538	Meena	Medium	In Progress	Under Maintenance	Sensor	6.9	8
AST1371	Vizag	Assembly	Boiler	Machine-371	2021	2026-07-18	Corrective	Overheating	11.6	10992	Kumar	High	In Progress	Idle	Belt	5.9	5
AST1372	Chennai	Packaging	Compressor	Machine-372	2015	2026-01-21	Preventive	No Failure	5.6	19029	Meena	Critical	In Progress	Under Maintenance	Sensor	7.6	11
AST1373	Vizag	Production	Compressor	Machine-373	2022	2026-04-26	Predictive	Motor Failure	13.2	44886	Anil	Low	Completed	Active	Valve	1.5	4
AST1374	Bengaluru	Assembly	Conveyor	Machine-374	2015	2026-05-02	Corrective	Electrical Fault	13.9	6955	Ravi	High	Pending	Active	Bearing	6.7	11
AST1375	Chennai	Production	Pump	Machine-375	2020	2026-03-21	Preventive	No Failure	2.7	36020	Kumar	Low	Completed	Idle	Sensor	8.7	6
AST1376	Vizag	Utilities	CNC Machine	Machine-376	2019	2026-05-02	Corrective	Motor Failure	17.5	36842	Kumar	Critical	Pending	Idle	None	8.8	7
AST1377	Bengaluru	Packaging	CNC Machine	Machine-377	2020	2026-05-15	Preventive	Motor Failure	14.6	30457	Anil	High	In Progress	Under Maintenance	Motor	3.4	6
AST1378	Chennai	Packaging	CNC Machine	Machine-378	2014	2026-05-14	Preventive	Bearing Failure	12.5	33739	Priya	High	Completed	Under Maintenance	Sensor	6.2	12
AST1379	Pune	Production	Boiler	Machine-379	2014	2026-05-21	Predictive	Overheating	7.4	12200	Rahul	Critical	In Progress	Active	Sensor	1.3	12
AST1380	Bengaluru	Utilities	Robot Arm	Machine-380	2024	2026-03-03	Corrective	Sensor Fault	5.5	36361	Anil	Critical	Completed	Active	Motor	1.8	2
AST1381	Vizag	Utilities	Boiler	Machine-381	2015	2026-06-13	Preventive	Electrical Fault	9.1	22513	Ravi	Medium	Completed	Idle	Bearing	2.3	11
AST1382	Pune	Production	Pump	Machine-382	2015	2026-03-14	Preventive	Bearing Failure	4.6	11375	Ravi	Critical	Completed	Under Maintenance	Valve	3.5	11
AST1383	Vizag	Assembly	CNC Machine	Machine-383	2021	2026-04-06	Preventive	Motor Failure	1.5	27217	Ravi	Critical	Completed	Active	Sensor	8.3	5
AST1384	Chennai	Quality	Robot Arm	Machine-384	2014	2026-02-01	Predictive	Motor Failure	13.4	3696	Kumar	Critical	Pending	Active	Belt	6.8	12
AST1385	Vizag	Packaging	CNC Machine	Machine-385	2017	2026-05-02	Preventive	No Failure	1.2	37517	Meena	Low	In Progress	Under Maintenance	None	3.3	9
AST1386	Chennai	Assembly	Compressor	Machine-386	2019	2026-01-14	Corrective	Sensor Fault	0.8	19594	Meena	Low	In Progress	Active	Bearing	9.7	7
AST1387	Vizag	Utilities	Compressor	Machine-387	2023	2026-07-20	Preventive	Bearing Failure	4.9	34262	Ravi	High	Pending	Active	Bearing	3.9	3
AST1388	Bengaluru	Assembly	Compressor	Machine-388	2016	2026-06-29	Preventive	Sensor Fault	17.7	43747	Anil	Critical	Pending	Active	Bearing	7	10
AST1389	Chennai	Packaging	Conveyor	Machine-389	2019	2026-07-05	Preventive	Overheating	10.3	37068	Rahul	Critical	Completed	Idle	Motor	5.7	7
AST1390	Vizag	Packaging	Robot Arm	Machine-390	2019	2026-07-07	Corrective	Electrical Fault	3.3	36308	Kumar	Critical	In Progress	Under Maintenance	Belt	4	7
AST1391	Bengaluru	Quality	Pump	Machine-391	2014	2026-07-18	Preventive	Bearing Failure	11.3	25360	Meena	Medium	In Progress	Idle	Bearing	6.8	12
AST1392	Vizag	Production	Generator	Machine-392	2022	2026-07-29	Corrective	Electrical Fault	3.2	20055	Anil	Critical	Pending	Under Maintenance	Bearing	1.4	4
AST1393	Hyderabad	Production	Compressor	Machine-393	2024	2026-01-18	Predictive	Motor Failure	2.4	14057	Ravi	Low	Pending	Idle	Valve	6.8	2
AST1394	Bengaluru	Packaging	Conveyor	Machine-394	2022	2026-06-09	Preventive	Electrical Fault	13.1	2357	Kumar	Critical	Completed	Under Maintenance	None	1.1	4
AST1395	Vizag	Packaging	Robot Arm	Machine-395	2022	2026-07-10	Corrective	Electrical Fault	5.2	4164	Rahul	Low	In Progress	Active	Motor	9.6	4
AST1396	Chennai	Utilities	Boiler	Machine-396	2015	2026-01-26	Preventive	Electrical Fault	12	38857	Rahul	Medium	Pending	Idle	Belt	4.4	11
AST1397	Bengaluru	Packaging	Pump	Machine-397	2015	2026-07-16	Preventive	No Failure	8	8322	Kumar	Medium	Pending	Under Maintenance	Belt	3.7	11
AST1398	Bengaluru	Quality	CNC Machine	Machine-398	2016	2026-05-17	Predictive	Electrical Fault	17.9	22776	Anil	Critical	Pending	Under Maintenance	None	3.6	10
AST1399	Bengaluru	Production	Boiler	Machine-399	2017	2026-05-25	Corrective	No Failure	4.9	31148	Priya	Critical	Completed	Idle	Bearing	9.8	9
AST1400	Bengaluru	Production	CNC Machine	Machine-400	2023	2026-01-05	Preventive	Motor Failure	4.3	22137	Ravi	High	Pending	Idle	Belt	5.9	3
AST1401	Hyderabad	Assembly	Boiler	Machine-401	2023	2026-02-09	Preventive	Motor Failure	5.1	39652	Kumar	Medium	In Progress	Under Maintenance	Bearing	5.9	3
AST1402	Hyderabad	Packaging	Robot Arm	Machine-402	2023	2026-02-25	Preventive	Overheating	14.9	39263	Ravi	High	Completed	Idle	Belt	4.1	3
AST1403	Pune	Packaging	Robot Arm	Machine-403	2014	2026-07-17	Preventive	Bearing Failure	15.7	16358	Rahul	Low	Pending	Idle	Valve	1	12
AST1404	Pune	Utilities	Generator	Machine-404	2022	2026-01-11	Preventive	Electrical Fault	12.7	11539	Ravi	Critical	In Progress	Idle	Belt	5.3	4
AST1405	Pune	Quality	Compressor	Machine-405	2017	2026-04-21	Preventive	Bearing Failure	8.8	4731	Meena	Critical	In Progress	Active	Valve	5.3	9
AST1406	Chennai	Quality	Generator	Machine-406	2025	2026-02-03	Preventive	Overheating	11.9	14351	Meena	Medium	Completed	Active	Sensor	7.9	1
AST1407	Bengaluru	Assembly	Conveyor	Machine-407	2019	2026-06-25	Corrective	Overheating	6.9	13983	Anil	High	Pending	Idle	Bearing	7.8	7
AST1408	Bengaluru	Quality	Generator	Machine-408	2016	2026-03-31	Preventive	Bearing Failure	16.7	16801	Kumar	High	Completed	Idle	Bearing	1.6	10
AST1409	Bengaluru	Production	Robot Arm	Machine-409	2014	2026-03-04	Corrective	Sensor Fault	0.7	8792	Anil	Critical	In Progress	Active	Sensor	2.5	12
AST1410	Chennai	Utilities	Generator	Machine-410	2022	2026-02-24	Corrective	Electrical Fault	9	10763	Rahul	Low	In Progress	Idle	None	5.5	4
AST1411	Hyderabad	Packaging	Compressor	Machine-411	2018	2026-02-13	Corrective	Electrical Fault	5.2	31971	Rahul	Low	Completed	Under Maintenance	None	3.1	8
AST1412	Hyderabad	Assembly	CNC Machine	Machine-412	2024	2026-04-03	Predictive	No Failure	7.3	26449	Meena	Low	In Progress	Under Maintenance	Belt	5.5	2
AST1413	Bengaluru	Quality	Generator	Machine-413	2016	2026-02-20	Predictive	Bearing Failure	1.2	36195	Anil	High	In Progress	Under Maintenance	None	2	10
AST1414	Pune	Packaging	Pump	Machine-414	2019	2026-06-25	Preventive	Electrical Fault	5.3	5563	Rahul	High	In Progress	Active	Belt	9.5	7
AST1415	Pune	Quality	Pump	Machine-415	2017	2026-02-08	Preventive	No Failure	7.2	41637	Rahul	Medium	In Progress	Active	Belt	2	9
AST1416	Pune	Quality	Generator	Machine-416	2018	2026-06-04	Preventive	No Failure	2.9	36978	Rahul	Medium	Completed	Under Maintenance	None	7.2	8
AST1417	Vizag	Production	Pump	Machine-417	2022	2026-02-04	Predictive	Motor Failure	6.1	38025	Meena	Low	Completed	Under Maintenance	Motor	7.4	4
AST1418	Vizag	Packaging	Boiler	Machine-418	2019	2026-04-16	Corrective	No Failure	16.8	19443	Kumar	Medium	Completed	Active	Motor	0.7	7
AST1419	Pune	Utilities	Generator	Machine-419	2023	2026-06-07	Corrective	Electrical Fault	4.6	3209	Anil	Low	Pending	Under Maintenance	Motor	5.3	3
AST1420	Pune	Production	Robot Arm	Machine-420	2023	2026-05-01	Preventive	Overheating	2.9	14165	Kumar	Low	In Progress	Active	Sensor	9.5	3
AST1421	Chennai	Production	Conveyor	Machine-421	2017	2026-07-10	Preventive	Overheating	15.7	33608	Rahul	High	In Progress	Active	Valve	4.3	9
AST1422	Vizag	Packaging	Boiler	Machine-422	2014	2026-06-05	Corrective	No Failure	10.5	36637	Meena	Low	Pending	Active	Valve	4.8	12
AST1423	Bengaluru	Utilities	Boiler	Machine-423	2014	2026-03-04	Predictive	Bearing Failure	10.3	35324	Rahul	Low	Completed	Under Maintenance	Valve	4.3	12
AST1424	Pune	Quality	Compressor	Machine-424	2018	2026-07-18	Preventive	Electrical Fault	16.6	35380	Kumar	Critical	Pending	Under Maintenance	Bearing	7.4	8
AST1425	Bengaluru	Utilities	Compressor	Machine-425	2015	2026-02-16	Preventive	Sensor Fault	8.4	13222	Priya	Medium	In Progress	Active	Sensor	3.6	11
AST1426	Chennai	Assembly	Conveyor	Machine-426	2024	2026-07-02	Preventive	Overheating	11.6	7090	Meena	Critical	Pending	Idle	Belt	9.5	2
AST1427	Vizag	Assembly	Robot Arm	Machine-427	2020	2026-05-21	Preventive	Sensor Fault	10.4	44722	Kumar	Medium	Completed	Active	None	1	6
AST1428	Vizag	Packaging	Pump	Machine-428	2018	2026-03-21	Preventive	Motor Failure	17.3	1731	Meena	High	Completed	Under Maintenance	Valve	8.6	8
AST1429	Hyderabad	Utilities	Boiler	Machine-429	2022	2026-07-26	Preventive	Electrical Fault	12	31236	Priya	Critical	Completed	Idle	Belt	0.6	4
AST1430	Bengaluru	Utilities	Robot Arm	Machine-430	2022	2026-03-13	Corrective	Bearing Failure	3.7	5108	Rahul	High	Completed	Active	Bearing	6.8	4
AST1431	Pune	Assembly	Conveyor	Machine-431	2023	2026-03-18	Preventive	Motor Failure	3.3	20137	Meena	Medium	In Progress	Idle	Belt	3.9	3
AST1432	Pune	Packaging	CNC Machine	Machine-432	2014	2026-01-24	Predictive	Bearing Failure	13.8	37575	Ravi	High	In Progress	Active	Bearing	7.1	12
AST1433	Bengaluru	Quality	Generator	Machine-433	2018	2026-03-26	Preventive	Motor Failure	11.2	8663	Meena	Low	In Progress	Idle	None	6.2	8
AST1434	Vizag	Utilities	Robot Arm	Machine-434	2025	2026-03-15	Preventive	Electrical Fault	10.6	42344	Anil	Medium	Pending	Idle	Valve	5.4	1
AST1435	Vizag	Production	Generator	Machine-435	2024	2026-05-08	Preventive	Sensor Fault	17.6	1603	Ravi	Low	In Progress	Idle	Bearing	7.5	2
AST1436	Bengaluru	Quality	Boiler	Machine-436	2017	2026-07-24	Preventive	Sensor Fault	10.3	43279	Kumar	Low	Pending	Active	None	3.2	9
AST1437	Pune	Utilities	Generator	Machine-437	2015	2026-03-20	Preventive	Bearing Failure	2.5	23342	Anil	Critical	Pending	Idle	Belt	9.6	11
AST1438	Pune	Packaging	Pump	Machine-438	2016	2026-02-19	Preventive	Overheating	14.5	43813	Kumar	Critical	Completed	Idle	Valve	9	10
AST1439	Vizag	Quality	Pump	Machine-439	2022	2026-03-27	Preventive	Electrical Fault	5.7	22176	Meena	Low	Completed	Idle	None	3.7	4
AST1440	Chennai	Packaging	Robot Arm	Machine-440	2019	2026-01-17	Preventive	Overheating	11.5	12376	Meena	Critical	Completed	Idle	Bearing	8.7	7
AST1441	Pune	Assembly	CNC Machine	Machine-441	2018	2026-06-30	Preventive	Overheating	15.8	25852	Priya	High	Completed	Idle	Sensor	2.2	8
AST1442	Hyderabad	Production	Conveyor	Machine-442	2019	2026-07-20	Preventive	Bearing Failure	14.5	34271	Kumar	Medium	In Progress	Under Maintenance	None	8.8	7
AST1443	Pune	Production	Robot Arm	Machine-443	2018	2026-07-18	Predictive	Electrical Fault	12.3	10197	Kumar	Low	In Progress	Under Maintenance	None	8.7	8
AST1444	Pune	Assembly	Pump	Machine-444	2015	2026-01-02	Corrective	Bearing Failure	6.3	4523	Ravi	High	Completed	Idle	Sensor	6.6	11
AST1445	Chennai	Production	CNC Machine	Machine-445	2017	2026-03-24	Preventive	Sensor Fault	14	9210	Anil	Medium	Completed	Under Maintenance	Bearing	0.6	9
AST1446	Bengaluru	Assembly	Compressor	Machine-446	2023	2026-05-24	Corrective	Electrical Fault	6.1	10777	Rahul	High	Pending	Active	Motor	1.2	3
AST1447	Bengaluru	Quality	Conveyor	Machine-447	2023	2026-03-28	Preventive	Overheating	16.3	4806	Ravi	Critical	Completed	Active	Valve	4.2	3
AST1448	Bengaluru	Quality	Generator	Machine-448	2025	2026-06-02	Preventive	Sensor Fault	14.8	36462	Ravi	Critical	Pending	Active	Bearing	8.2	1
AST1449	Hyderabad	Quality	CNC Machine	Machine-449	2025	2026-04-30	Corrective	No Failure	13.9	32337	Kumar	Medium	Completed	Idle	Sensor	9.2	1
AST1450	Pune	Packaging	Boiler	Machine-450	2020	2026-02-16	Preventive	Bearing Failure	8.8	24532	Priya	Critical	Completed	Under Maintenance	Sensor	6.2	6
AST1451	Hyderabad	Quality	Robot Arm	Machine-451	2016	2026-05-11	Corrective	Bearing Failure	6.2	44062	Ravi	High	Pending	Under Maintenance	Valve	6.1	10
AST1452	Chennai	Utilities	Compressor	Machine-452	2017	2026-06-08	Predictive	Overheating	1.7	15147	Rahul	Critical	In Progress	Idle	Sensor	5.7	9
AST1453	Hyderabad	Utilities	Robot Arm	Machine-453	2017	2026-02-14	Preventive	Electrical Fault	10.9	22823	Meena	Low	In Progress	Active	Sensor	9.6	9
AST1454	Hyderabad	Utilities	Robot Arm	Machine-454	2015	2026-06-03	Corrective	Sensor Fault	9.2	44764	Ravi	Low	Completed	Active	Belt	9.1	11
AST1455	Hyderabad	Production	Pump	Machine-455	2024	2026-07-27	Preventive	Electrical Fault	5.6	41842	Meena	Critical	Completed	Active	None	8.8	2
AST1456	Pune	Quality	Pump	Machine-456	2018	2026-05-26	Predictive	Sensor Fault	17.8	39689	Ravi	Critical	Completed	Under Maintenance	Bearing	4	8
AST1457	Hyderabad	Utilities	Robot Arm	Machine-457	2022	2026-01-14	Predictive	Bearing Failure	15.6	3543	Kumar	Critical	Pending	Idle	Valve	6.4	4
AST1458	Vizag	Quality	Boiler	Machine-458	2025	2026-04-08	Corrective	No Failure	3.5	10614	Kumar	Critical	In Progress	Under Maintenance	Motor	3.2	1
AST1459	Chennai	Assembly	Conveyor	Machine-459	2024	2026-02-02	Corrective	Motor Failure	13.1	33396	Rahul	Critical	Completed	Active	Motor	6.6	2
AST1460	Bengaluru	Quality	Generator	Machine-460	2020	2026-04-27	Preventive	Electrical Fault	7.9	30994	Priya	High	Completed	Active	Valve	6.2	6
AST1461	Chennai	Utilities	CNC Machine	Machine-461	2023	2026-05-08	Preventive	Electrical Fault	10.6	3692	Ravi	Critical	Pending	Under Maintenance	Bearing	6	3
AST1462	Chennai	Utilities	Robot Arm	Machine-462	2025	2026-01-21	Predictive	Sensor Fault	8.6	6627	Meena	Low	Completed	Under Maintenance	None	7.5	1
AST1463	Bengaluru	Utilities	CNC Machine	Machine-463	2024	2026-01-20	Corrective	Sensor Fault	9.9	2206	Priya	Critical	Pending	Under Maintenance	Belt	7.5	2
AST1464	Pune	Packaging	Compressor	Machine-464	2020	2026-04-01	Preventive	Electrical Fault	13.6	38443	Anil	Low	Pending	Under Maintenance	Belt	2.1	6
AST1465	Pune	Utilities	Conveyor	Machine-465	2014	2026-06-18	Preventive	Bearing Failure	2.7	6537	Anil	High	Completed	Idle	Sensor	3.1	12
AST1466	Hyderabad	Utilities	Compressor	Machine-466	2018	2026-01-04	Predictive	No Failure	3.1	30771	Anil	Medium	In Progress	Idle	Motor	5.1	8
AST1467	Pune	Assembly	Compressor	Machine-467	2022	2026-01-09	Corrective	Motor Failure	15.2	28562	Priya	Medium	Pending	Under Maintenance	None	6.6	4
AST1468	Pune	Assembly	Pump	Machine-468	2017	2026-05-28	Preventive	Bearing Failure	1.4	31909	Priya	Critical	In Progress	Under Maintenance	None	9.5	9
AST1469	Vizag	Quality	Boiler	Machine-469	2022	2026-03-01	Preventive	Electrical Fault	15.7	2277	Anil	Critical	In Progress	Idle	Sensor	9.6	4
AST1470	Hyderabad	Utilities	Pump	Machine-470	2024	2026-01-11	Preventive	Overheating	11.2	44233	Anil	High	In Progress	Under Maintenance	Bearing	2.9	2
AST1471	Vizag	Production	Pump	Machine-471	2023	2026-04-11	Corrective	Motor Failure	9.6	13291	Anil	Low	Pending	Active	Bearing	0.6	3
AST1472	Hyderabad	Quality	CNC Machine	Machine-472	2015	2026-05-15	Preventive	Sensor Fault	4.9	3730	Ravi	Low	Completed	Idle	None	9	11
AST1473	Hyderabad	Assembly	Conveyor	Machine-473	2017	2026-06-03	Predictive	Motor Failure	7.1	43961	Meena	Medium	Completed	Idle	Motor	2.9	9
AST1474	Hyderabad	Quality	CNC Machine	Machine-474	2021	2026-06-19	Corrective	No Failure	16.3	22694	Anil	Medium	Completed	Under Maintenance	Bearing	4.1	5
AST1475	Pune	Packaging	Compressor	Machine-475	2019	2026-01-16	Preventive	Overheating	17.6	14651	Meena	Critical	Completed	Idle	Valve	1.5	7
AST1476	Vizag	Production	Generator	Machine-476	2022	2026-07-16	Corrective	Overheating	13	8269	Ravi	Low	Completed	Idle	None	2.9	4
AST1477	Vizag	Production	Pump	Machine-477	2021	2026-01-05	Corrective	Bearing Failure	12.1	18961	Kumar	High	In Progress	Idle	Bearing	5.4	5
AST1478	Vizag	Quality	Robot Arm	Machine-478	2021	2026-05-03	Corrective	Bearing Failure	10	1716	Priya	Critical	Completed	Idle	Belt	9.4	5
AST1479	Pune	Quality	Conveyor	Machine-479	2019	2026-03-27	Corrective	No Failure	2.1	36537	Anil	Low	In Progress	Under Maintenance	None	2.4	7
AST1480	Vizag	Production	CNC Machine	Machine-480	2022	2026-01-11	Corrective	Bearing Failure	11.5	25044	Priya	Low	Pending	Under Maintenance	None	2.3	4
AST1481	Hyderabad	Utilities	Compressor	Machine-481	2014	2026-02-19	Preventive	Bearing Failure	14.4	43666	Anil	Critical	Pending	Under Maintenance	Bearing	0.9	12
AST1482	Hyderabad	Quality	Conveyor	Machine-482	2014	2026-03-28	Preventive	No Failure	12.2	31539	Rahul	Medium	Pending	Idle	Motor	9.3	12
AST1483	Chennai	Quality	Pump	Machine-483	2014	2026-07-08	Preventive	Electrical Fault	1.3	44018	Kumar	Low	Completed	Idle	Bearing	9.1	12
AST1484	Bengaluru	Production	Robot Arm	Machine-484	2015	2026-04-27	Corrective	Bearing Failure	2.5	40492	Meena	Medium	Completed	Active	Valve	3.7	11
AST1485	Vizag	Packaging	Conveyor	Machine-485	2025	2026-06-23	Predictive	Electrical Fault	10.1	22575	Kumar	Low	Pending	Active	Sensor	1.1	1
AST1486	Vizag	Production	Pump	Machine-486	2018	2026-02-06	Preventive	Motor Failure	8.2	39641	Ravi	Medium	Completed	Idle	Belt	4.1	8
AST1487	Vizag	Assembly	Conveyor	Machine-487	2016	2026-01-05	Preventive	Bearing Failure	12.9	40410	Anil	Critical	Pending	Under Maintenance	None	1.7	10
AST1488	Pune	Utilities	Boiler	Machine-488	2016	2026-06-13	Preventive	Motor Failure	11.2	3965	Meena	Medium	Pending	Under Maintenance	Belt	9.5	10
AST1489	Pune	Packaging	Boiler	Machine-489	2024	2026-07-20	Preventive	Motor Failure	3.9	36247	Ravi	High	Pending	Idle	Motor	4.9	2
AST1490	Chennai	Packaging	Conveyor	Machine-490	2024	2026-06-18	Preventive	Motor Failure	12.5	32591	Priya	Medium	Completed	Idle	Bearing	1	2
AST1491	Chennai	Quality	CNC Machine	Machine-491	2019	2026-03-14	Preventive	Overheating	1.3	4937	Meena	Medium	Completed	Active	Valve	5.4	7
AST1492	Vizag	Utilities	Generator	Machine-492	2015	2026-03-02	Preventive	Motor Failure	13.6	22844	Kumar	Low	In Progress	Active	Bearing	2.8	11
AST1493	Vizag	Production	Conveyor	Machine-493	2020	2026-02-21	Preventive	Overheating	1.5	30064	Kumar	Medium	Pending	Under Maintenance	Motor	4.2	6
AST1494	Chennai	Packaging	CNC Machine	Machine-494	2016	2026-04-28	Preventive	Motor Failure	1.1	38768	Ravi	High	Completed	Active	Valve	4.9	10
AST1495	Pune	Production	CNC Machine	Machine-495	2016	2026-07-14	Corrective	No Failure	17.2	12636	Meena	Medium	Completed	Under Maintenance	Belt	5.1	10
AST1496	Vizag	Quality	CNC Machine	Machine-496	2017	2026-06-01	Preventive	Overheating	13.4	17664	Kumar	High	In Progress	Idle	Motor	9	9
AST1497	Bengaluru	Assembly	Boiler	Machine-497	2023	2026-02-08	Predictive	Bearing Failure	17.8	34544	Ravi	Critical	Pending	Under Maintenance	Valve	8.2	3
AST1498	Hyderabad	Quality	Boiler	Machine-498	2025	2026-07-30	Preventive	Electrical Fault	13.7	28148	Kumar	Medium	In Progress	Under Maintenance	Motor	6.7	1
AST1499	Vizag	Packaging	Compressor	Machine-499	2015	2026-01-05	Corrective	Electrical Fault	13.6	3099	Priya	Critical	Completed	Idle	Valve	2.3	11
AST1500	Vizag	Assembly	Robot Arm	Machine-500	2019	2026-06-10	Corrective	Overheating	16.1	23317	Meena	Low	In Progress	Under Maintenance	Sensor	7.1	7
AST1501	Bengaluru	Production	Robot Arm	Machine-501	2023	2026-05-19	Corrective	Electrical Fault	15.9	5092	Meena	High	Completed	Active	Valve	4	3
AST1502	Pune	Packaging	Compressor	Machine-502	2023	2026-01-11	Corrective	No Failure	1.7	14916	Kumar	High	Completed	Idle	Bearing	6.7	3
AST1503	Bengaluru	Production	Robot Arm	Machine-503	2025	2026-07-12	Corrective	Motor Failure	6.1	19021	Meena	Critical	In Progress	Active	Bearing	4	1
AST1504	Bengaluru	Utilities	Robot Arm	Machine-504	2021	2026-05-05	Preventive	No Failure	9.8	36421	Anil	Critical	Pending	Under Maintenance	None	9.5	5
AST1505	Vizag	Assembly	Conveyor	Machine-505	2015	2026-02-18	Preventive	Motor Failure	5.5	6542	Ravi	Medium	In Progress	Active	None	1.9	11
AST1506	Bengaluru	Assembly	CNC Machine	Machine-506	2016	2026-02-22	Preventive	No Failure	10	10152	Priya	High	In Progress	Under Maintenance	None	6.6	10
AST1507	Hyderabad	Assembly	Robot Arm	Machine-507	2018	2026-02-18	Corrective	Electrical Fault	11.8	28480	Meena	High	Pending	Idle	Sensor	5.1	8
AST1508	Bengaluru	Utilities	Boiler	Machine-508	2024	2026-06-28	Preventive	Electrical Fault	2.8	21586	Kumar	High	Completed	Under Maintenance	Sensor	9.7	2
AST1509	Pune	Packaging	Boiler	Machine-509	2014	2026-02-07	Predictive	Electrical Fault	16.7	36582	Anil	Medium	Completed	Idle	None	9.1	12
AST1510	Chennai	Assembly	Conveyor	Machine-510	2016	2026-02-11	Predictive	Electrical Fault	2.7	18566	Anil	Medium	Completed	Idle	None	0.8	10
AST1511	Chennai	Packaging	Boiler	Machine-511	2019	2026-03-30	Corrective	Motor Failure	9.8	9461	Ravi	Critical	In Progress	Active	Valve	9.3	7
AST1512	Bengaluru	Utilities	CNC Machine	Machine-512	2016	2026-01-02	Corrective	Sensor Fault	8.8	20494	Meena	Medium	Pending	Idle	Valve	3.7	10
AST1513	Vizag	Assembly	Compressor	Machine-513	2015	2026-07-07	Corrective	Bearing Failure	5.9	27821	Meena	Medium	In Progress	Under Maintenance	Bearing	3.6	11
AST1514	Chennai	Utilities	Generator	Machine-514	2023	2026-06-14	Preventive	Sensor Fault	3.9	6978	Meena	Critical	Pending	Idle	Bearing	9.8	3
AST1515	Vizag	Packaging	Generator	Machine-515	2020	2026-02-19	Corrective	Bearing Failure	16.4	25162	Priya	Medium	Pending	Under Maintenance	Sensor	4.2	6
AST1516	Pune	Packaging	CNC Machine	Machine-516	2014	2026-03-14	Predictive	Electrical Fault	2	30612	Rahul	Critical	In Progress	Under Maintenance	Motor	8.2	12
AST1517	Vizag	Production	Robot Arm	Machine-517	2020	2026-07-06	Corrective	Bearing Failure	3	21372	Priya	High	Completed	Idle	Valve	1.3	6
AST1518	Pune	Quality	Compressor	Machine-518	2020	2026-06-13	Corrective	No Failure	10.4	10473	Kumar	Medium	In Progress	Under Maintenance	Belt	5.2	6
AST1519	Pune	Quality	Generator	Machine-519	2018	2026-05-30	Corrective	Motor Failure	1	1660	Kumar	High	In Progress	Idle	None	5	8
AST1520	Pune	Quality	Compressor	Machine-520	2024	2026-06-20	Preventive	No Failure	11.8	3364	Ravi	High	In Progress	Active	Belt	7.6	2
AST1521	Bengaluru	Quality	Robot Arm	Machine-521	2023	2026-05-04	Preventive	No Failure	8.8	9337	Anil	Low	In Progress	Active	Belt	1.1	3
AST1522	Chennai	Packaging	Compressor	Machine-522	2019	2026-04-29	Preventive	Sensor Fault	7.8	24829	Ravi	High	In Progress	Idle	None	9.4	7
AST1523	Chennai	Assembly	Generator	Machine-523	2022	2026-02-19	Corrective	Electrical Fault	6.1	22223	Rahul	High	In Progress	Idle	None	7	4
AST1524	Bengaluru	Packaging	Robot Arm	Machine-524	2015	2026-05-17	Preventive	Motor Failure	9.6	25945	Priya	Critical	In Progress	Active	Bearing	2.6	11
AST1525	Chennai	Utilities	Generator	Machine-525	2022	2026-02-26	Corrective	Electrical Fault	15.3	37617	Rahul	Low	In Progress	Under Maintenance	Bearing	1.6	4
AST1526	Vizag	Packaging	CNC Machine	Machine-526	2016	2026-01-05	Corrective	Motor Failure	14.8	40667	Meena	High	Completed	Idle	Sensor	0.8	10
AST1527	Chennai	Production	Pump	Machine-527	2015	2026-02-26	Preventive	Motor Failure	4.2	6651	Priya	Low	Completed	Active	Valve	7.7	11
AST1528	Hyderabad	Assembly	Robot Arm	Machine-528	2014	2026-02-20	Corrective	Electrical Fault	1.5	9293	Anil	Low	Completed	Under Maintenance	None	0.6	12
AST1529	Hyderabad	Utilities	Compressor	Machine-529	2015	2026-07-20	Corrective	Motor Failure	3.7	24538	Ravi	Low	Completed	Idle	Sensor	9.5	11
AST1530	Chennai	Utilities	Robot Arm	Machine-530	2019	2026-04-01	Corrective	Motor Failure	9.3	5978	Ravi	Low	Pending	Active	None	2.3	7
AST1531	Bengaluru	Assembly	Pump	Machine-531	2018	2026-02-13	Preventive	Motor Failure	16.6	32610	Anil	Medium	In Progress	Idle	Bearing	2.2	8
AST1532	Vizag	Production	Generator	Machine-532	2019	2026-04-08	Preventive	Bearing Failure	13.8	22096	Ravi	Critical	Completed	Idle	Motor	5.2	7
AST1533	Pune	Utilities	Pump	Machine-533	2019	2026-06-30	Preventive	Sensor Fault	9.1	26717	Anil	Critical	Pending	Idle	Sensor	7	7
AST1534	Bengaluru	Quality	CNC Machine	Machine-534	2021	2026-02-27	Predictive	Overheating	3.8	6061	Priya	High	Completed	Active	None	5.2	5
AST1535	Vizag	Utilities	Pump	Machine-535	2015	2026-04-12	Corrective	Bearing Failure	3	27755	Rahul	Low	Pending	Active	Bearing	4	11
AST1536	Chennai	Utilities	Robot Arm	Machine-536	2017	2026-03-28	Predictive	Bearing Failure	4.6	29333	Rahul	Critical	In Progress	Idle	Belt	6.1	9
AST1537	Pune	Quality	Pump	Machine-537	2024	2026-04-13	Corrective	Overheating	17.8	35016	Anil	Medium	In Progress	Active	Bearing	2.9	2
AST1538	Chennai	Assembly	Conveyor	Machine-538	2021	2026-03-01	Corrective	Bearing Failure	9.2	3253	Kumar	Critical	Pending	Idle	Sensor	2	5
AST1539	Hyderabad	Assembly	Pump	Machine-539	2023	2026-06-09	Corrective	Overheating	14.4	14733	Anil	Critical	In Progress	Idle	Sensor	5.7	3
AST1540	Hyderabad	Assembly	Boiler	Machine-540	2022	2026-05-20	Predictive	Bearing Failure	7.2	22114	Priya	Critical	In Progress	Active	Bearing	2.2	4
AST1541	Pune	Production	Boiler	Machine-541	2024	2026-07-19	Preventive	Sensor Fault	13	33445	Ravi	Critical	Pending	Idle	None	5.6	2
AST1542	Bengaluru	Production	Generator	Machine-542	2021	2026-05-02	Preventive	Sensor Fault	9.2	26259	Meena	High	In Progress	Under Maintenance	Bearing	0.8	5
AST1543	Pune	Packaging	Robot Arm	Machine-543	2014	2026-02-02	Corrective	Bearing Failure	13.9	42470	Anil	Critical	Completed	Under Maintenance	Sensor	9.9	12
AST1544	Hyderabad	Production	Compressor	Machine-544	2020	2026-03-31	Preventive	Sensor Fault	10.9	5792	Anil	Low	In Progress	Active	Bearing	5.6	6
AST1545	Vizag	Utilities	Generator	Machine-545	2014	2026-04-28	Predictive	Sensor Fault	0.9	32282	Meena	Low	In Progress	Under Maintenance	Belt	4.2	12
AST1546	Vizag	Assembly	Pump	Machine-546	2023	2026-01-26	Corrective	Sensor Fault	9.2	23752	Kumar	High	In Progress	Under Maintenance	Motor	5.2	3
AST1547	Chennai	Packaging	CNC Machine	Machine-547	2015	2026-05-18	Preventive	Electrical Fault	7.5	16303	Meena	Low	Pending	Idle	Bearing	6.1	11
AST1548	Bengaluru	Utilities	Boiler	Machine-548	2018	2026-01-18	Preventive	Sensor Fault	14.4	44199	Anil	High	In Progress	Idle	Belt	3.5	8
AST1549	Pune	Utilities	Generator	Machine-549	2020	2026-04-13	Preventive	Electrical Fault	3.7	2719	Rahul	Medium	Pending	Under Maintenance	Motor	6.8	6
AST1550	Pune	Utilities	Robot Arm	Machine-550	2025	2026-04-30	Corrective	Overheating	16.9	42575	Ravi	Medium	In Progress	Under Maintenance	Motor	2.8	1
AST1551	Pune	Quality	Boiler	Machine-551	2025	2026-06-25	Preventive	Bearing Failure	11.6	28529	Anil	High	Pending	Active	Sensor	7	1
AST1552	Chennai	Assembly	Compressor	Machine-552	2017	2026-04-14	Preventive	Motor Failure	14.4	21851	Priya	Critical	Pending	Under Maintenance	Valve	6.6	9
AST1553	Chennai	Packaging	Compressor	Machine-553	2014	2026-02-21	Preventive	Sensor Fault	12	13033	Rahul	Low	Pending	Under Maintenance	Bearing	1	12
AST1554	Bengaluru	Packaging	Robot Arm	Machine-554	2015	2026-03-22	Preventive	Overheating	16.2	44585	Ravi	Critical	Pending	Active	Motor	1.6	11
AST1555	Hyderabad	Utilities	Pump	Machine-555	2025	2026-05-09	Corrective	Electrical Fault	4.9	7414	Kumar	Low	In Progress	Under Maintenance	Belt	7.5	1
AST1556	Chennai	Quality	Compressor	Machine-556	2025	2026-07-10	Preventive	Motor Failure	4.2	19492	Priya	Critical	In Progress	Idle	Bearing	5.2	1
AST1557	Hyderabad	Packaging	Generator	Machine-557	2019	2026-06-29	Preventive	No Failure	4.8	19701	Kumar	High	In Progress	Idle	Sensor	8.3	7
AST1558	Bengaluru	Assembly	Robot Arm	Machine-558	2014	2026-06-15	Corrective	Bearing Failure	12.6	17207	Anil	Critical	In Progress	Idle	None	3.9	12
AST1559	Bengaluru	Production	Robot Arm	Machine-559	2024	2026-02-01	Preventive	Bearing Failure	16.4	27254	Anil	High	Completed	Active	Sensor	2.5	2
AST1560	Pune	Quality	Robot Arm	Machine-560	2016	2026-04-23	Preventive	Bearing Failure	14.9	33723	Priya	Critical	In Progress	Idle	Valve	8.8	10
AST1561	Pune	Utilities	Conveyor	Machine-561	2015	2026-02-11	Preventive	Electrical Fault	13.3	37395	Rahul	High	In Progress	Idle	Bearing	7.7	11
AST1562	Chennai	Quality	Robot Arm	Machine-562	2024	2026-06-14	Corrective	Bearing Failure	7.5	42676	Anil	High	Pending	Active	Bearing	2	2
AST1563	Chennai	Utilities	Pump	Machine-563	2022	2026-07-02	Preventive	Sensor Fault	8.4	10249	Anil	Medium	Pending	Idle	Sensor	8.1	4
AST1564	Vizag	Packaging	Compressor	Machine-564	2017	2026-01-22	Preventive	Overheating	17	38881	Kumar	Low	Completed	Idle	None	6.3	9
AST1565	Vizag	Production	CNC Machine	Machine-565	2017	2026-01-23	Corrective	Motor Failure	1.4	42001	Priya	High	Completed	Active	Sensor	2.1	9
AST1566	Hyderabad	Utilities	Boiler	Machine-566	2023	2026-01-31	Corrective	Overheating	15	33884	Ravi	Medium	Pending	Active	Motor	9.5	3
AST1567	Vizag	Quality	Compressor	Machine-567	2018	2026-03-15	Preventive	Motor Failure	11	20044	Rahul	Medium	In Progress	Active	Valve	8	8
AST1568	Pune	Production	Generator	Machine-568	2014	2026-03-16	Preventive	Motor Failure	7	43917	Priya	Low	Completed	Under Maintenance	Motor	8.8	12
AST1569	Chennai	Quality	Pump	Machine-569	2025	2026-04-12	Preventive	Electrical Fault	5	7744	Meena	Low	Completed	Under Maintenance	Motor	5	1
AST1570	Bengaluru	Assembly	Conveyor	Machine-570	2019	2026-06-05	Preventive	Electrical Fault	7.2	27366	Rahul	High	Completed	Idle	Bearing	6	7
AST1571	Bengaluru	Quality	CNC Machine	Machine-571	2018	2026-02-13	Predictive	Motor Failure	2.1	36261	Priya	Medium	In Progress	Active	Sensor	0.9	8
AST1572	Pune	Packaging	Boiler	Machine-572	2016	2026-05-08	Preventive	Sensor Fault	11.2	18785	Meena	High	In Progress	Active	Sensor	7.5	10
AST1573	Chennai	Utilities	Robot Arm	Machine-573	2021	2026-07-15	Predictive	No Failure	14.5	4987	Kumar	Medium	Completed	Active	Motor	0.8	5
AST1574	Vizag	Quality	Conveyor	Machine-574	2018	2026-02-11	Predictive	Overheating	1.2	24864	Rahul	Critical	In Progress	Under Maintenance	Bearing	8.5	8
AST1575	Pune	Assembly	Compressor	Machine-575	2016	2026-02-01	Predictive	Motor Failure	15.1	34840	Anil	Medium	Pending	Active	Belt	7.8	10
AST1576	Hyderabad	Production	Robot Arm	Machine-576	2016	2026-04-17	Preventive	Bearing Failure	16	3201	Anil	Low	In Progress	Under Maintenance	Belt	9.3	10
AST1577	Chennai	Assembly	Conveyor	Machine-577	2015	2026-03-24	Preventive	No Failure	12	31256	Rahul	High	Pending	Idle	Bearing	3.6	11
AST1578	Bengaluru	Quality	CNC Machine	Machine-578	2014	2026-06-17	Predictive	No Failure	16.4	38800	Kumar	Medium	Completed	Idle	Sensor	3.6	12
AST1579	Hyderabad	Utilities	Generator	Machine-579	2014	2026-07-10	Preventive	Overheating	5	17233	Priya	Low	Completed	Active	Motor	4.2	12
AST1580	Chennai	Assembly	CNC Machine	Machine-580	2020	2026-03-14	Preventive	Overheating	13.4	21822	Rahul	Medium	In Progress	Idle	Bearing	8.4	6
AST1581	Vizag	Quality	Boiler	Machine-581	2022	2026-02-21	Preventive	Electrical Fault	11	7412	Priya	High	Pending	Active	Valve	6.5	4
AST1582	Bengaluru	Packaging	Boiler	Machine-582	2015	2026-01-11	Corrective	No Failure	12.5	11662	Priya	Low	In Progress	Under Maintenance	Valve	1.3	11
AST1583	Chennai	Production	Pump	Machine-583	2021	2026-03-18	Predictive	Motor Failure	9.7	20864	Meena	Low	Pending	Active	Bearing	5.4	5
AST1584	Vizag	Assembly	Boiler	Machine-584	2022	2026-04-19	Corrective	Electrical Fault	14.7	24795	Anil	Low	Pending	Active	Bearing	7.5	4
AST1585	Chennai	Quality	Conveyor	Machine-585	2021	2026-02-15	Preventive	No Failure	5.7	39983	Rahul	Critical	Pending	Under Maintenance	Belt	8.2	5
AST1586	Chennai	Production	Compressor	Machine-586	2019	2026-07-27	Preventive	Electrical Fault	5	8468	Priya	Low	Completed	Under Maintenance	Bearing	0.6	7
AST1587	Vizag	Quality	Robot Arm	Machine-587	2024	2026-05-03	Corrective	No Failure	11	33397	Anil	High	Pending	Idle	None	6.9	2
AST1588	Chennai	Production	Conveyor	Machine-588	2018	2026-01-23	Preventive	Bearing Failure	12.7	13835	Ravi	Medium	In Progress	Idle	Motor	6.7	8
AST1589	Bengaluru	Production	Conveyor	Machine-589	2020	2026-06-10	Preventive	Overheating	3.1	29148	Ravi	Low	Completed	Active	None	7.2	6
AST1590	Hyderabad	Quality	Generator	Machine-590	2021	2026-05-01	Preventive	Sensor Fault	10.5	27172	Ravi	High	Completed	Active	None	8.6	5
AST1591	Vizag	Utilities	Generator	Machine-591	2020	2026-04-17	Corrective	Sensor Fault	1.1	27693	Priya	Critical	Completed	Idle	Bearing	5.5	6
AST1592	Pune	Utilities	Conveyor	Machine-592	2020	2026-05-28	Preventive	No Failure	7.8	32520	Ravi	Critical	Pending	Idle	Sensor	4.8	6
AST1593	Chennai	Packaging	Pump	Machine-593	2020	2026-01-06	Preventive	Sensor Fault	8.2	34768	Kumar	High	Pending	Idle	None	5	6
AST1594	Vizag	Quality	Robot Arm	Machine-594	2018	2026-07-05	Predictive	No Failure	13.4	32454	Kumar	Medium	In Progress	Idle	None	1.3	8
AST1595	Chennai	Production	Compressor	Machine-595	2021	2026-02-03	Corrective	Bearing Failure	14.4	33856	Anil	Medium	Completed	Idle	Bearing	10	5
AST1596	Pune	Production	Compressor	Machine-596	2019	2026-03-08	Corrective	Electrical Fault	1.1	5672	Anil	Critical	Completed	Idle	Motor	1.6	7
AST1597	Pune	Packaging	Robot Arm	Machine-597	2017	2026-05-05	Preventive	Bearing Failure	14	38005	Anil	Medium	Pending	Idle	Belt	6.9	9
AST1598	Vizag	Quality	Robot Arm	Machine-598	2025	2026-01-13	Corrective	Bearing Failure	14.2	41454	Ravi	Low	Pending	Active	Motor	6.5	1
AST1599	Chennai	Packaging	Pump	Machine-599	2017	2026-04-03	Preventive	Electrical Fault	9.2	8007	Kumar	High	In Progress	Active	Bearing	8.6	9
AST1600	Hyderabad	Production	Robot Arm	Machine-600	2021	2026-04-17	Corrective	Sensor Fault	5.5	12723	Ravi	High	In Progress	Idle	Valve	3.9	5
AST1601	Chennai	Utilities	Boiler	Machine-601	2024	2026-03-04	Corrective	Motor Failure	14.5	28593	Priya	Critical	Pending	Idle	Sensor	9.5	2
AST1602	Hyderabad	Utilities	Conveyor	Machine-602	2021	2026-02-07	Preventive	Sensor Fault	7.5	12269	Priya	Low	In Progress	Active	None	9.3	5
AST1603	Hyderabad	Utilities	CNC Machine	Machine-603	2016	2026-05-28	Preventive	No Failure	12.8	21444	Rahul	High	In Progress	Active	Sensor	9.1	10
AST1604	Vizag	Quality	Pump	Machine-604	2023	2026-02-07	Preventive	Electrical Fault	11.4	42013	Rahul	Critical	Pending	Under Maintenance	None	4.3	3
AST1605	Hyderabad	Assembly	Generator	Machine-605	2017	2026-03-19	Preventive	No Failure	13.1	9757	Meena	High	Completed	Active	Belt	5.7	9
AST1606	Chennai	Assembly	Conveyor	Machine-606	2022	2026-03-29	Predictive	Electrical Fault	10.9	17316	Anil	Critical	Pending	Active	None	1.1	4
AST1607	Bengaluru	Packaging	Conveyor	Machine-607	2019	2026-03-08	Preventive	No Failure	17	30908	Anil	Low	In Progress	Under Maintenance	Motor	8.2	7
AST1608	Bengaluru	Utilities	Compressor	Machine-608	2023	2026-05-25	Preventive	Sensor Fault	12.2	39036	Rahul	Medium	Pending	Under Maintenance	Belt	7.5	3
AST1609	Bengaluru	Utilities	Compressor	Machine-609	2015	2026-03-25	Corrective	Sensor Fault	8.5	11104	Rahul	Critical	In Progress	Active	Bearing	1.1	11
AST1610	Chennai	Quality	Conveyor	Machine-610	2016	2026-05-02	Preventive	Electrical Fault	7.5	38132	Meena	Critical	In Progress	Idle	Valve	6.5	10
AST1611	Vizag	Quality	Robot Arm	Machine-611	2021	2026-06-26	Preventive	Electrical Fault	2.7	31496	Kumar	Low	Pending	Active	Valve	5	5
AST1612	Bengaluru	Packaging	Conveyor	Machine-612	2025	2026-02-10	Corrective	Overheating	2.4	25721	Meena	High	Completed	Idle	Motor	1.6	1
AST1613	Pune	Packaging	Boiler	Machine-613	2018	2026-04-06	Preventive	Motor Failure	3	40141	Priya	Low	In Progress	Under Maintenance	Motor	2.2	8
AST1614	Hyderabad	Assembly	Generator	Machine-614	2025	2026-05-06	Preventive	Bearing Failure	7.8	39056	Anil	Critical	In Progress	Under Maintenance	Valve	8.4	1
AST1615	Chennai	Utilities	Pump	Machine-615	2023	2026-02-03	Preventive	Overheating	12.2	11263	Rahul	High	Completed	Idle	None	6.4	3
AST1616	Vizag	Packaging	Generator	Machine-616	2020	2026-03-01	Preventive	No Failure	16.1	19678	Rahul	Low	Completed	Idle	Bearing	5.9	6
AST1617	Bengaluru	Assembly	Pump	Machine-617	2025	2026-03-21	Corrective	Motor Failure	17.2	37009	Meena	Low	Pending	Idle	Motor	7.6	1
AST1618	Hyderabad	Utilities	Compressor	Machine-618	2022	2026-01-05	Predictive	Sensor Fault	14.3	17575	Rahul	Critical	Completed	Idle	Belt	3.5	4
AST1619	Vizag	Assembly	CNC Machine	Machine-619	2023	2026-01-12	Preventive	Overheating	0.9	36096	Anil	Critical	In Progress	Active	Bearing	9.8	3
AST1620	Pune	Production	Compressor	Machine-620	2022	2026-02-13	Preventive	Bearing Failure	3.2	28191	Rahul	Medium	Completed	Idle	Sensor	2.2	4
AST1621	Pune	Quality	Conveyor	Machine-621	2025	2026-01-15	Preventive	Overheating	16.1	18403	Priya	Low	Completed	Active	Motor	7.6	1
AST1622	Vizag	Utilities	Robot Arm	Machine-622	2023	2026-03-02	Corrective	Bearing Failure	5.2	22362	Priya	Critical	Completed	Under Maintenance	Bearing	4.4	3
AST1623	Pune	Utilities	Generator	Machine-623	2017	2026-01-05	Corrective	Motor Failure	13.9	44200	Kumar	High	Pending	Under Maintenance	Valve	1.3	9
AST1624	Chennai	Production	CNC Machine	Machine-624	2024	2026-05-09	Corrective	Motor Failure	14.2	36727	Priya	Critical	Completed	Active	Valve	9.6	2
AST1625	Chennai	Assembly	Conveyor	Machine-625	2023	2026-03-16	Predictive	Overheating	5.3	17942	Rahul	Critical	In Progress	Idle	Motor	6.1	3
AST1626	Hyderabad	Production	Pump	Machine-626	2022	2026-03-14	Corrective	Bearing Failure	5.8	27406	Rahul	Low	Completed	Idle	Belt	10	4
AST1627	Bengaluru	Utilities	Robot Arm	Machine-627	2020	2026-02-23	Preventive	No Failure	17	43126	Anil	Critical	In Progress	Active	None	9.8	6
AST1628	Vizag	Utilities	CNC Machine	Machine-628	2019	2026-02-23	Preventive	No Failure	2.8	1634	Meena	Critical	Completed	Active	None	2.1	7
AST1629	Vizag	Quality	Generator	Machine-629	2022	2026-06-28	Preventive	No Failure	11.9	36800	Ravi	Critical	Pending	Active	Sensor	9.7	4
AST1630	Pune	Quality	Compressor	Machine-630	2020	2026-06-03	Corrective	No Failure	17.7	9676	Priya	High	Completed	Under Maintenance	Bearing	2.6	6
AST1631	Pune	Packaging	Compressor	Machine-631	2014	2026-07-14	Preventive	Electrical Fault	11.4	15993	Kumar	Critical	In Progress	Active	Sensor	5.2	12
AST1632	Bengaluru	Production	Conveyor	Machine-632	2025	2026-06-30	Preventive	No Failure	7.4	19676	Meena	Critical	Completed	Idle	Motor	6.8	1
AST1633	Bengaluru	Utilities	Compressor	Machine-633	2023	2026-06-22	Preventive	Motor Failure	13.6	9851	Anil	Medium	Pending	Idle	Sensor	2.3	3
AST1634	Bengaluru	Utilities	CNC Machine	Machine-634	2024	2026-01-06	Corrective	Overheating	0.5	29491	Rahul	Low	In Progress	Under Maintenance	Valve	3.1	2
AST1635	Vizag	Quality	CNC Machine	Machine-635	2024	2026-05-13	Corrective	Bearing Failure	16	16215	Ravi	High	In Progress	Idle	Valve	3.5	2
AST1636	Pune	Assembly	Generator	Machine-636	2020	2026-02-19	Corrective	No Failure	4.4	29275	Ravi	Medium	Completed	Active	Sensor	3.5	6
AST1637	Hyderabad	Assembly	Boiler	Machine-637	2024	2026-06-10	Preventive	Bearing Failure	10.9	42545	Anil	High	Completed	Active	Valve	2.8	2
AST1638	Pune	Utilities	Robot Arm	Machine-638	2019	2026-01-14	Preventive	Bearing Failure	14.1	42103	Priya	Low	Pending	Under Maintenance	Belt	1.7	7
AST1639	Vizag	Packaging	Robot Arm	Machine-639	2014	2026-01-09	Corrective	Motor Failure	1.6	30461	Ravi	High	Pending	Idle	Valve	1.1	12
AST1640	Bengaluru	Assembly	CNC Machine	Machine-640	2024	2026-01-15	Corrective	Overheating	2.2	28442	Kumar	Low	In Progress	Under Maintenance	Valve	8.1	2
AST1641	Hyderabad	Packaging	Pump	Machine-641	2023	2026-06-08	Predictive	Bearing Failure	8.4	23008	Meena	Medium	Completed	Active	Bearing	6.2	3
AST1642	Chennai	Utilities	Compressor	Machine-642	2015	2026-06-01	Corrective	Sensor Fault	6.7	33048	Rahul	Critical	Completed	Active	Motor	8.1	11
AST1643	Pune	Utilities	Boiler	Machine-643	2014	2026-02-02	Corrective	No Failure	13.7	21894	Meena	Medium	Completed	Under Maintenance	Sensor	6.2	12
AST1644	Hyderabad	Utilities	Generator	Machine-644	2018	2026-04-05	Corrective	Motor Failure	1.5	34733	Meena	Low	In Progress	Under Maintenance	Motor	9.8	8
AST1645	Hyderabad	Packaging	Compressor	Machine-645	2024	2026-02-21	Corrective	No Failure	12.6	32131	Meena	High	Pending	Idle	Sensor	6.4	2
AST1646	Chennai	Assembly	Boiler	Machine-646	2020	2026-03-26	Predictive	Bearing Failure	9.2	1742	Rahul	Medium	Pending	Active	Valve	6.4	6
AST1647	Pune	Quality	Compressor	Machine-647	2017	2026-05-04	Preventive	Bearing Failure	6.8	6332	Anil	Low	Pending	Active	Motor	3.3	9
AST1648	Bengaluru	Packaging	Conveyor	Machine-648	2017	2026-06-11	Predictive	Motor Failure	4	12912	Kumar	High	Pending	Active	Sensor	8.6	9
AST1649	Chennai	Assembly	Compressor	Machine-649	2017	2026-02-15	Corrective	Bearing Failure	0.9	10494	Priya	Low	In Progress	Active	Sensor	4.8	9
AST1650	Pune	Production	Generator	Machine-650	2019	2026-07-27	Predictive	Electrical Fault	15.9	5784	Ravi	Medium	Completed	Active	Motor	5.6	7
AST1651	Pune	Utilities	Boiler	Machine-651	2025	2026-04-06	Predictive	Motor Failure	16.6	41872	Meena	Medium	Pending	Under Maintenance	Motor	3.6	1
AST1652	Pune	Production	Robot Arm	Machine-652	2014	2026-06-11	Corrective	Electrical Fault	16	15212	Rahul	Low	In Progress	Idle	Belt	1.1	12
AST1653	Bengaluru	Packaging	Boiler	Machine-653	2022	2026-04-10	Corrective	Motor Failure	6.1	26002	Meena	Critical	Pending	Under Maintenance	Valve	3	4
AST1654	Bengaluru	Assembly	Compressor	Machine-654	2020	2026-06-13	Preventive	Motor Failure	8.4	16860	Priya	Medium	In Progress	Under Maintenance	Valve	5.9	6
AST1655	Bengaluru	Assembly	Compressor	Machine-655	2019	2026-03-07	Corrective	Sensor Fault	8.3	24540	Kumar	Low	In Progress	Idle	Belt	3.7	7
AST1656	Vizag	Quality	CNC Machine	Machine-656	2021	2026-04-30	Corrective	Sensor Fault	5.3	3119	Kumar	Critical	Completed	Under Maintenance	None	1.2	5
AST1657	Bengaluru	Utilities	Generator	Machine-657	2015	2026-03-17	Corrective	Sensor Fault	16.7	7949	Ravi	Low	In Progress	Active	Belt	2.4	11
AST1658	Pune	Packaging	CNC Machine	Machine-658	2017	2026-06-22	Corrective	No Failure	15.3	13993	Rahul	Medium	Pending	Idle	Belt	9.2	9
AST1659	Pune	Packaging	Robot Arm	Machine-659	2014	2026-07-17	Preventive	Overheating	17.1	39507	Rahul	Low	In Progress	Idle	Belt	9.9	12
AST1660	Chennai	Production	Pump	Machine-660	2016	2026-04-12	Corrective	Overheating	4.6	39969	Meena	Critical	Pending	Under Maintenance	Sensor	8	10
AST1661	Vizag	Quality	Compressor	Machine-661	2019	2026-02-18	Preventive	Electrical Fault	1	10606	Meena	Medium	In Progress	Idle	Bearing	5.2	7
AST1662	Pune	Production	Boiler	Machine-662	2024	2026-04-01	Preventive	Overheating	13.8	36732	Anil	High	Pending	Active	Belt	8	2
AST1663	Pune	Utilities	Pump	Machine-663	2016	2026-02-09	Corrective	Electrical Fault	10.5	27117	Priya	Medium	In Progress	Active	Belt	4.2	10
AST1664	Pune	Utilities	Boiler	Machine-664	2021	2026-01-28	Corrective	Sensor Fault	2.1	8336	Rahul	Medium	Completed	Idle	Belt	5.1	5
AST1665	Hyderabad	Quality	CNC Machine	Machine-665	2016	2026-02-20	Preventive	Sensor Fault	12	6086	Priya	Low	In Progress	Idle	Bearing	2.1	10
AST1666	Chennai	Assembly	Compressor	Machine-666	2020	2026-04-11	Corrective	Overheating	13.5	26993	Kumar	Medium	Completed	Under Maintenance	Valve	8.3	6
AST1667	Chennai	Utilities	Generator	Machine-667	2024	2026-05-02	Predictive	Electrical Fault	4.1	31578	Anil	Medium	Completed	Active	Valve	1.1	2
AST1668	Chennai	Utilities	CNC Machine	Machine-668	2020	2026-06-04	Predictive	Overheating	8.6	39257	Ravi	Low	In Progress	Idle	Valve	3.8	6
AST1669	Pune	Quality	Generator	Machine-669	2025	2026-07-22	Corrective	Motor Failure	7.8	13268	Meena	Critical	In Progress	Under Maintenance	None	2.2	1
AST1670	Vizag	Assembly	Compressor	Machine-670	2023	2026-01-25	Predictive	Motor Failure	5.3	42662	Meena	High	Pending	Active	None	7.4	3
AST1671	Vizag	Utilities	Conveyor	Machine-671	2017	2026-05-07	Predictive	Bearing Failure	13.7	34556	Anil	Critical	In Progress	Active	Sensor	2.5	9
AST1672	Hyderabad	Assembly	Pump	Machine-672	2014	2026-04-29	Corrective	No Failure	8.6	24021	Rahul	Critical	Completed	Under Maintenance	Bearing	0.6	12
AST1673	Chennai	Packaging	Pump	Machine-673	2015	2026-07-01	Corrective	Overheating	8.6	6909	Meena	Medium	Pending	Under Maintenance	Motor	5	11
AST1674	Chennai	Assembly	Generator	Machine-674	2018	2026-02-11	Preventive	Sensor Fault	2.7	27114	Kumar	Low	Pending	Active	None	3.1	8
AST1675	Chennai	Production	Pump	Machine-675	2021	2026-04-02	Preventive	No Failure	9.8	30470	Rahul	Low	Pending	Idle	None	6.8	5
AST1676	Vizag	Packaging	Boiler	Machine-676	2024	2026-01-27	Preventive	Bearing Failure	1.4	26232	Kumar	Medium	In Progress	Active	Motor	1.4	2
AST1677	Hyderabad	Packaging	Robot Arm	Machine-677	2020	2026-01-08	Preventive	No Failure	1.6	7830	Rahul	Medium	Pending	Active	Bearing	4.4	6
AST1678	Pune	Packaging	Generator	Machine-678	2015	2026-07-28	Corrective	Electrical Fault	4.1	37001	Priya	Critical	Completed	Active	Motor	1.5	11
AST1679	Hyderabad	Quality	Pump	Machine-679	2019	2026-02-14	Preventive	Overheating	4.2	15924	Ravi	High	Pending	Idle	Sensor	0.9	7
AST1680	Pune	Utilities	Boiler	Machine-680	2017	2026-04-16	Predictive	Bearing Failure	13	38803	Kumar	High	Completed	Idle	Sensor	9.8	9
AST1681	Chennai	Packaging	Compressor	Machine-681	2025	2026-04-10	Corrective	No Failure	6.1	33096	Ravi	High	Completed	Idle	Belt	4.8	1
AST1682	Chennai	Utilities	Generator	Machine-682	2022	2026-06-13	Corrective	Bearing Failure	4.6	41893	Ravi	High	Completed	Idle	Valve	7.7	4
AST1683	Hyderabad	Production	CNC Machine	Machine-683	2023	2026-01-21	Preventive	Motor Failure	3.2	14894	Rahul	Low	Completed	Idle	Belt	9.9	3
AST1684	Pune	Production	CNC Machine	Machine-684	2021	2026-07-09	Preventive	Bearing Failure	9.6	28690	Rahul	High	Completed	Active	None	3.6	5
AST1685	Bengaluru	Assembly	Pump	Machine-685	2017	2026-02-22	Predictive	No Failure	12.7	16078	Meena	Critical	Pending	Under Maintenance	Motor	4.7	9
AST1686	Vizag	Assembly	Compressor	Machine-686	2014	2026-01-17	Preventive	Motor Failure	16.9	9728	Ravi	Medium	Pending	Idle	Motor	2.7	12
AST1687	Vizag	Packaging	Compressor	Machine-687	2015	2026-04-20	Corrective	Motor Failure	7.9	41205	Kumar	High	In Progress	Idle	Valve	9.7	11
AST1688	Vizag	Assembly	CNC Machine	Machine-688	2017	2026-03-11	Preventive	Motor Failure	8.7	29201	Meena	Critical	Completed	Under Maintenance	Bearing	7.7	9
AST1689	Pune	Utilities	Generator	Machine-689	2020	2026-01-22	Preventive	No Failure	3.6	26433	Priya	High	In Progress	Under Maintenance	Valve	5.8	6
AST1690	Pune	Production	Pump	Machine-690	2021	2026-01-19	Preventive	Motor Failure	16.5	1773	Ravi	High	In Progress	Under Maintenance	Valve	9.4	5
AST1691	Vizag	Quality	CNC Machine	Machine-691	2025	2026-04-06	Corrective	Electrical Fault	1.7	4044	Ravi	Critical	Pending	Active	Motor	7.7	1
AST1692	Pune	Utilities	Pump	Machine-692	2018	2026-07-17	Preventive	No Failure	6.9	5281	Rahul	Critical	In Progress	Idle	Motor	2.8	8
AST1693	Pune	Assembly	Pump	Machine-693	2014	2026-07-28	Corrective	Motor Failure	5.1	31349	Rahul	Medium	In Progress	Active	Belt	6	12
AST1694	Hyderabad	Assembly	Robot Arm	Machine-694	2024	2026-02-11	Preventive	No Failure	16.5	27561	Rahul	Low	Pending	Active	Valve	2.1	2
AST1695	Pune	Utilities	Generator	Machine-695	2020	2026-03-06	Corrective	Overheating	10.8	28475	Rahul	Low	Completed	Idle	Belt	7.9	6
AST1696	Chennai	Packaging	Pump	Machine-696	2019	2026-07-28	Preventive	No Failure	7.5	21691	Ravi	Medium	In Progress	Active	Bearing	1.2	7
AST1697	Bengaluru	Quality	Pump	Machine-697	2025	2026-04-17	Preventive	Overheating	3.5	26053	Kumar	Medium	Completed	Under Maintenance	Motor	5.3	1
AST1698	Bengaluru	Production	Compressor	Machine-698	2015	2026-04-26	Preventive	No Failure	3.7	14075	Anil	Critical	In Progress	Idle	Belt	1.5	11
AST1699	Hyderabad	Packaging	Conveyor	Machine-699	2024	2026-02-12	Preventive	Sensor Fault	1.6	3444	Meena	Medium	In Progress	Under Maintenance	None	7.7	2
AST1700	Pune	Assembly	Pump	Machine-700	2014	2026-01-16	Corrective	Bearing Failure	2.2	35731	Ravi	Critical	Pending	Idle	Sensor	9.4	12
AST1701	Pune	Utilities	Boiler	Machine-701	2021	2026-07-13	Preventive	No Failure	16.1	22158	Kumar	High	Pending	Under Maintenance	Valve	6.3	5
AST1702	Hyderabad	Assembly	Boiler	Machine-702	2019	2026-03-26	Predictive	Overheating	13.2	10600	Ravi	Low	Pending	Under Maintenance	None	7.6	7
AST1703	Vizag	Utilities	Pump	Machine-703	2017	2026-04-05	Corrective	Overheating	9.5	44768	Kumar	Low	Pending	Under Maintenance	Bearing	6.5	9
AST1704	Pune	Quality	Compressor	Machine-704	2014	2026-07-26	Corrective	Overheating	13.4	6832	Anil	Critical	In Progress	Idle	None	9.1	12
AST1705	Pune	Utilities	Compressor	Machine-705	2025	2026-04-09	Corrective	Electrical Fault	15.8	34571	Ravi	Medium	In Progress	Active	Sensor	8.4	1
AST1706	Chennai	Quality	Conveyor	Machine-706	2022	2026-04-30	Preventive	Electrical Fault	4.7	15370	Kumar	Low	Completed	Under Maintenance	None	0.8	4
AST1707	Pune	Production	Pump	Machine-707	2019	2026-04-09	Preventive	Overheating	17.2	9567	Rahul	Medium	Pending	Idle	None	5.2	7
AST1708	Chennai	Utilities	Robot Arm	Machine-708	2025	2026-03-27	Predictive	Bearing Failure	11.8	26207	Rahul	Critical	Pending	Idle	Belt	9.7	1
AST1709	Chennai	Production	CNC Machine	Machine-709	2020	2026-07-26	Preventive	Bearing Failure	2.4	23797	Rahul	Medium	Pending	Active	Belt	4	6
AST1710	Bengaluru	Assembly	CNC Machine	Machine-710	2019	2026-04-08	Preventive	Electrical Fault	3.8	26937	Priya	High	In Progress	Idle	Motor	5.4	7
AST1711	Chennai	Assembly	Boiler	Machine-711	2023	2026-06-01	Preventive	Overheating	6	20952	Kumar	Critical	Pending	Under Maintenance	Motor	6.2	3
AST1712	Hyderabad	Utilities	CNC Machine	Machine-712	2016	2026-07-11	Preventive	No Failure	2.7	39115	Priya	Medium	In Progress	Under Maintenance	None	9.7	10
AST1713	Pune	Production	Robot Arm	Machine-713	2014	2026-07-27	Corrective	No Failure	16.9	16250	Rahul	Low	Completed	Under Maintenance	None	4.2	12
AST1714	Hyderabad	Utilities	Boiler	Machine-714	2024	2026-02-10	Preventive	No Failure	8.8	24326	Priya	Critical	Completed	Idle	None	3.2	2
AST1715	Bengaluru	Quality	Conveyor	Machine-715	2025	2026-02-19	Preventive	Electrical Fault	15.7	5047	Rahul	High	In Progress	Idle	Motor	6	1
AST1716	Vizag	Packaging	Compressor	Machine-716	2021	2026-06-28	Preventive	No Failure	3.9	44179	Ravi	High	Pending	Idle	Bearing	6.9	5
AST1717	Vizag	Production	Conveyor	Machine-717	2016	2026-04-07	Preventive	Overheating	3.6	4938	Ravi	High	Pending	Under Maintenance	Motor	6.5	10
AST1718	Hyderabad	Assembly	Compressor	Machine-718	2020	2026-03-04	Preventive	Sensor Fault	12.5	12804	Rahul	Critical	Pending	Idle	None	1.4	6
AST1719	Vizag	Packaging	Pump	Machine-719	2021	2026-07-29	Corrective	Sensor Fault	0.7	9143	Ravi	Low	In Progress	Idle	None	9.1	5
AST1720	Bengaluru	Utilities	Generator	Machine-720	2017	2026-01-06	Preventive	No Failure	13.5	40354	Kumar	Critical	In Progress	Idle	None	4.6	9
AST1721	Hyderabad	Packaging	Conveyor	Machine-721	2023	2026-02-02	Corrective	Electrical Fault	3.7	2794	Priya	Critical	Completed	Idle	Belt	5.6	3
AST1722	Chennai	Assembly	Compressor	Machine-722	2024	2026-02-01	Predictive	No Failure	3.6	37854	Priya	High	Completed	Active	Motor	6	2
AST1723	Hyderabad	Utilities	CNC Machine	Machine-723	2024	2026-02-11	Predictive	Bearing Failure	2	9673	Meena	High	In Progress	Idle	Motor	4.5	2
AST1724	Chennai	Packaging	Conveyor	Machine-724	2024	2026-01-01	Predictive	Electrical Fault	16.3	20728	Rahul	Critical	Completed	Idle	Valve	7.1	2
AST1725	Bengaluru	Utilities	Generator	Machine-725	2022	2026-04-01	Preventive	Bearing Failure	12.1	4431	Kumar	Low	Completed	Active	Sensor	8.6	4
AST1726	Bengaluru	Utilities	Compressor	Machine-726	2017	2026-02-04	Corrective	Sensor Fault	2.7	42283	Priya	Low	Pending	Under Maintenance	Sensor	4.1	9
AST1727	Vizag	Assembly	CNC Machine	Machine-727	2016	2026-04-13	Corrective	No Failure	3	14853	Ravi	High	Pending	Idle	None	2.3	10
AST1728	Bengaluru	Utilities	Compressor	Machine-728	2019	2026-05-25	Preventive	Motor Failure	6	29918	Priya	Low	Pending	Active	Bearing	3.1	7
AST1729	Bengaluru	Quality	Conveyor	Machine-729	2022	2026-01-29	Preventive	Bearing Failure	6.8	23357	Anil	Medium	Completed	Under Maintenance	Bearing	1.4	4
AST1730	Hyderabad	Assembly	Compressor	Machine-730	2017	2026-04-07	Corrective	Sensor Fault	10.8	33587	Ravi	High	Pending	Idle	Sensor	5.7	9
AST1731	Hyderabad	Production	CNC Machine	Machine-731	2023	2026-01-26	Predictive	Overheating	3.7	36344	Meena	Critical	In Progress	Idle	Motor	3	3
AST1732	Chennai	Production	Compressor	Machine-732	2024	2026-05-12	Preventive	No Failure	5.2	43390	Anil	Medium	Pending	Idle	Valve	7.2	2
AST1733	Pune	Quality	Generator	Machine-733	2016	2026-04-23	Preventive	Overheating	9.6	16492	Anil	Low	In Progress	Under Maintenance	Sensor	8.5	10
AST1734	Hyderabad	Production	Conveyor	Machine-734	2024	2026-01-21	Preventive	Bearing Failure	2	20233	Meena	Critical	Completed	Under Maintenance	None	5.3	2
AST1735	Vizag	Quality	Generator	Machine-735	2025	2026-02-04	Corrective	No Failure	16	9671	Priya	Low	Pending	Active	None	0.6	1
AST1736	Bengaluru	Packaging	Compressor	Machine-736	2020	2026-06-29	Predictive	No Failure	17.1	36110	Rahul	Low	Pending	Under Maintenance	Motor	6.9	6
AST1737	Chennai	Assembly	CNC Machine	Machine-737	2022	2026-02-27	Corrective	Electrical Fault	6.7	4836	Priya	Critical	In Progress	Active	Sensor	9.7	4
AST1738	Chennai	Utilities	Robot Arm	Machine-738	2019	2026-06-23	Corrective	Bearing Failure	5.6	33162	Anil	High	Completed	Active	None	6.5	7
AST1739	Pune	Utilities	Robot Arm	Machine-739	2020	2026-02-25	Predictive	Overheating	16.1	33499	Ravi	High	Completed	Idle	Valve	3.6	6
AST1740	Hyderabad	Packaging	Pump	Machine-740	2019	2026-01-28	Preventive	Sensor Fault	0.7	29733	Priya	Medium	Completed	Idle	Belt	9	7
AST1741	Vizag	Assembly	Compressor	Machine-741	2020	2026-02-01	Corrective	Sensor Fault	4.5	27410	Anil	High	In Progress	Under Maintenance	Motor	5.6	6
AST1742	Vizag	Quality	Compressor	Machine-742	2018	2026-01-28	Preventive	No Failure	8.1	25042	Rahul	Medium	Completed	Active	Sensor	0.9	8
AST1743	Pune	Assembly	Compressor	Machine-743	2020	2026-04-18	Corrective	Overheating	17.3	18919	Ravi	Critical	In Progress	Idle	Valve	8.1	6
AST1744	Pune	Quality	Generator	Machine-744	2025	2026-02-02	Corrective	No Failure	15.3	26983	Kumar	Low	Completed	Active	Motor	2	1
AST1745	Chennai	Assembly	Pump	Machine-745	2022	2026-01-04	Corrective	Overheating	17.6	2026	Priya	Critical	In Progress	Under Maintenance	Valve	1.3	4
AST1746	Bengaluru	Production	Pump	Machine-746	2020	2026-03-05	Corrective	Motor Failure	5.4	9037	Anil	Medium	Pending	Under Maintenance	Motor	5	6
AST1747	Bengaluru	Utilities	Compressor	Machine-747	2015	2026-06-29	Preventive	Electrical Fault	11.5	11246	Kumar	Low	Completed	Under Maintenance	Bearing	3.1	11
AST1748	Vizag	Assembly	Generator	Machine-748	2017	2026-02-07	Preventive	Bearing Failure	7.2	35904	Anil	Medium	Completed	Under Maintenance	Valve	5.1	9
AST1749	Hyderabad	Packaging	Conveyor	Machine-749	2022	2026-04-20	Preventive	Sensor Fault	17	28898	Kumar	High	Completed	Active	Bearing	0.5	4
AST1750	Pune	Production	CNC Machine	Machine-750	2024	2026-07-10	Preventive	Electrical Fault	2.3	13613	Anil	Critical	In Progress	Under Maintenance	Sensor	1.6	2
AST1751	Bengaluru	Production	CNC Machine	Machine-751	2024	2026-01-04	Preventive	Sensor Fault	13.5	40094	Meena	High	Completed	Idle	Sensor	2.5	2
AST1752	Hyderabad	Production	Pump	Machine-752	2020	2026-01-23	Corrective	Bearing Failure	1.2	44383	Kumar	Medium	Pending	Under Maintenance	Bearing	1.2	6
AST1753	Pune	Packaging	Pump	Machine-753	2022	2026-06-08	Preventive	Motor Failure	9.8	11571	Ravi	Medium	Completed	Under Maintenance	Belt	7.3	4
AST1754	Pune	Quality	Pump	Machine-754	2022	2026-03-30	Corrective	Overheating	1.7	28959	Meena	Low	Completed	Idle	Sensor	7.1	4
AST1755	Hyderabad	Utilities	Conveyor	Machine-755	2016	2026-03-16	Corrective	No Failure	3.8	27550	Priya	Low	Completed	Under Maintenance	Belt	4.1	10
AST1756	Bengaluru	Packaging	Compressor	Machine-756	2020	2026-04-13	Preventive	Motor Failure	10.5	40304	Rahul	Low	Pending	Under Maintenance	Belt	7.2	6
AST1757	Pune	Production	CNC Machine	Machine-757	2022	2026-03-08	Corrective	Electrical Fault	2.6	16175	Ravi	Medium	In Progress	Active	None	1.9	4
AST1758	Pune	Assembly	Pump	Machine-758	2018	2026-02-04	Predictive	Motor Failure	9.9	1591	Rahul	High	Pending	Idle	Sensor	3.6	8
AST1759	Pune	Production	Boiler	Machine-759	2025	2026-05-21	Predictive	Sensor Fault	6.2	5252	Rahul	Low	In Progress	Active	None	9.7	1
AST1760	Hyderabad	Utilities	Pump	Machine-760	2016	2026-03-07	Predictive	Electrical Fault	2.4	26533	Rahul	High	Pending	Idle	Belt	5.7	10
AST1761	Pune	Packaging	Compressor	Machine-761	2021	2026-02-26	Corrective	Overheating	3.2	16686	Rahul	Critical	In Progress	Active	Valve	1.4	5
AST1762	Chennai	Production	Compressor	Machine-762	2016	2026-04-28	Corrective	No Failure	3.7	19984	Ravi	High	Completed	Active	Valve	7	10
AST1763	Chennai	Assembly	Boiler	Machine-763	2017	2026-01-18	Preventive	No Failure	17.5	8068	Rahul	Medium	Pending	Active	Belt	1.4	9
AST1764	Hyderabad	Assembly	Robot Arm	Machine-764	2020	2026-01-06	Corrective	Bearing Failure	2.8	6978	Anil	Medium	Pending	Idle	Bearing	8	6
AST1765	Hyderabad	Utilities	Pump	Machine-765	2014	2026-07-22	Corrective	No Failure	2	10624	Priya	Critical	Completed	Under Maintenance	Sensor	5	12
AST1766	Bengaluru	Packaging	Pump	Machine-766	2017	2026-01-15	Corrective	Bearing Failure	14.9	8238	Meena	High	Completed	Idle	Valve	1.8	9
AST1767	Chennai	Quality	Boiler	Machine-767	2017	2026-01-07	Preventive	No Failure	5.5	26714	Rahul	Low	In Progress	Active	Bearing	2.6	9
AST1768	Hyderabad	Utilities	CNC Machine	Machine-768	2018	2026-04-02	Preventive	Bearing Failure	16.2	41116	Kumar	Medium	In Progress	Idle	Sensor	6.2	8
AST1769	Chennai	Packaging	Generator	Machine-769	2024	2026-04-19	Corrective	Sensor Fault	15.8	19266	Priya	High	In Progress	Idle	Bearing	8	2
AST1770	Chennai	Packaging	Compressor	Machine-770	2016	2026-07-19	Preventive	No Failure	14.4	32854	Ravi	Low	Pending	Under Maintenance	None	3.1	10
AST1771	Chennai	Production	Robot Arm	Machine-771	2015	2026-03-24	Preventive	Sensor Fault	9.1	33041	Rahul	Critical	Pending	Idle	Sensor	1.8	11
AST1772	Vizag	Quality	Generator	Machine-772	2024	2026-03-04	Preventive	Electrical Fault	9.1	36641	Kumar	Critical	Completed	Idle	None	4.5	2
AST1773	Chennai	Assembly	Compressor	Machine-773	2023	2026-07-18	Preventive	Motor Failure	17.9	2624	Anil	Critical	Completed	Active	Bearing	9.2	3
AST1774	Chennai	Packaging	Boiler	Machine-774	2019	2026-07-19	Preventive	Electrical Fault	17.5	29095	Kumar	Medium	Completed	Active	None	1.8	7
AST1775	Chennai	Quality	Pump	Machine-775	2025	2026-06-30	Preventive	Overheating	7	8447	Rahul	Low	In Progress	Idle	Motor	0.8	1
AST1776	Hyderabad	Production	Conveyor	Machine-776	2019	2026-02-06	Preventive	Overheating	3.1	13455	Priya	Medium	Pending	Idle	None	9.5	7
AST1777	Pune	Quality	Robot Arm	Machine-777	2021	2026-04-16	Corrective	Bearing Failure	5.5	11716	Ravi	Low	Pending	Active	Belt	2	5
AST1778	Vizag	Utilities	Pump	Machine-778	2020	2026-04-19	Corrective	Electrical Fault	9.3	16397	Priya	Medium	In Progress	Active	Belt	4.1	6
AST1779	Chennai	Quality	Generator	Machine-779	2016	2026-07-10	Preventive	Overheating	3.7	38153	Meena	Low	Pending	Under Maintenance	Valve	3.5	10
AST1780	Vizag	Production	Conveyor	Machine-780	2024	2026-04-14	Corrective	No Failure	7.9	19189	Ravi	Low	Completed	Under Maintenance	Belt	7.9	2
AST1781	Chennai	Packaging	Compressor	Machine-781	2019	2026-01-08	Corrective	Bearing Failure	4.2	2219	Anil	Medium	Pending	Active	None	9.3	7
AST1782	Hyderabad	Utilities	Generator	Machine-782	2017	2026-03-10	Preventive	Overheating	1.3	22116	Ravi	High	Completed	Under Maintenance	Sensor	9.6	9
AST1783	Pune	Quality	Pump	Machine-783	2022	2026-02-19	Preventive	Motor Failure	12.8	7881	Anil	Critical	Pending	Idle	Bearing	5.3	4
AST1784	Bengaluru	Quality	Boiler	Machine-784	2016	2026-01-07	Corrective	Bearing Failure	5.6	11431	Rahul	Critical	Completed	Idle	Bearing	9.6	10
AST1785	Chennai	Production	Generator	Machine-785	2017	2026-02-25	Corrective	No Failure	11.2	35794	Anil	Critical	Completed	Under Maintenance	Sensor	3.9	9
AST1786	Vizag	Production	Compressor	Machine-786	2020	2026-01-11	Predictive	Electrical Fault	1.8	11487	Meena	Critical	Completed	Active	Motor	7.8	6
AST1787	Hyderabad	Quality	Conveyor	Machine-787	2018	2026-05-21	Preventive	Motor Failure	16.8	12082	Ravi	High	Pending	Under Maintenance	Sensor	1.3	8
AST1788	Vizag	Packaging	Boiler	Machine-788	2016	2026-07-01	Predictive	Overheating	11.9	10704	Ravi	Critical	Completed	Under Maintenance	Sensor	4.3	10
AST1789	Chennai	Quality	CNC Machine	Machine-789	2023	2026-06-24	Corrective	Electrical Fault	17.2	25989	Ravi	Critical	Pending	Under Maintenance	Sensor	8.8	3
AST1790	Bengaluru	Assembly	Pump	Machine-790	2024	2026-01-11	Corrective	No Failure	14.9	2020	Kumar	Low	In Progress	Under Maintenance	Motor	5.9	2
AST1791	Vizag	Quality	Pump	Machine-791	2015	2026-02-27	Preventive	Overheating	8.7	36569	Priya	Low	Completed	Active	None	1.5	11
AST1792	Vizag	Production	Boiler	Machine-792	2020	2026-07-16	Preventive	Sensor Fault	6.5	41107	Priya	Medium	Pending	Idle	Valve	1.6	6
AST1793	Bengaluru	Production	Boiler	Machine-793	2021	2026-01-10	Preventive	Motor Failure	6.1	3552	Meena	Critical	Completed	Under Maintenance	Valve	9.8	5
AST1794	Chennai	Assembly	Robot Arm	Machine-794	2017	2026-01-14	Corrective	Sensor Fault	4.9	13041	Ravi	Medium	Completed	Under Maintenance	Valve	1.3	9
AST1795	Vizag	Utilities	Compressor	Machine-795	2025	2026-04-26	Corrective	Sensor Fault	3.7	5022	Ravi	Critical	In Progress	Under Maintenance	Motor	2.4	1
AST1796	Vizag	Utilities	Pump	Machine-796	2020	2026-05-04	Corrective	No Failure	8.1	38876	Priya	Low	Pending	Idle	Motor	1.2	6
AST1797	Bengaluru	Production	CNC Machine	Machine-797	2024	2026-05-29	Corrective	No Failure	13.5	22243	Ravi	Medium	In Progress	Active	Valve	8.7	2
AST1798	Vizag	Packaging	Generator	Machine-798	2015	2026-07-22	Corrective	Overheating	17	9739	Rahul	Critical	Pending	Idle	Bearing	0.8	11
AST1799	Vizag	Utilities	Robot Arm	Machine-799	2025	2026-02-18	Preventive	Overheating	4.3	15247	Kumar	Low	In Progress	Under Maintenance	Bearing	3.4	1
AST1800	Hyderabad	Quality	Pump	Machine-800	2018	2026-05-09	Predictive	Overheating	7.7	24582	Meena	Critical	Pending	Under Maintenance	Bearing	9.3	8
AST1801	Pune	Production	Generator	Machine-801	2021	2026-04-20	Corrective	Electrical Fault	8.1	20179	Rahul	Critical	Pending	Under Maintenance	None	6.4	5
AST1802	Hyderabad	Assembly	Pump	Machine-802	2015	2026-01-23	Preventive	Overheating	2.3	42383	Meena	Low	Pending	Under Maintenance	Belt	6	11
AST1803	Pune	Quality	Compressor	Machine-803	2014	2026-06-20	Preventive	Overheating	10.2	9003	Kumar	Critical	Completed	Under Maintenance	Valve	4.4	12
AST1804	Vizag	Assembly	CNC Machine	Machine-804	2024	2026-06-30	Corrective	Electrical Fault	5.5	44667	Anil	High	In Progress	Idle	Motor	0.5	2
AST1805	Hyderabad	Assembly	Compressor	Machine-805	2020	2026-01-09	Corrective	Electrical Fault	14.9	40818	Anil	High	Completed	Idle	Valve	2.8	6
AST1806	Bengaluru	Quality	Robot Arm	Machine-806	2020	2026-02-19	Preventive	Electrical Fault	8	43198	Priya	Medium	In Progress	Under Maintenance	Belt	2	6
AST1807	Chennai	Utilities	Conveyor	Machine-807	2017	2026-01-26	Corrective	Overheating	15.3	42611	Anil	Medium	In Progress	Active	Bearing	1.4	9
AST1808	Bengaluru	Production	Conveyor	Machine-808	2020	2026-01-03	Corrective	Electrical Fault	16.6	6662	Meena	Critical	Completed	Idle	None	1.7	6
AST1809	Pune	Production	Compressor	Machine-809	2021	2026-06-12	Corrective	Motor Failure	5.7	36589	Kumar	Critical	In Progress	Idle	Bearing	3.1	5
AST1810	Hyderabad	Utilities	Robot Arm	Machine-810	2016	2026-06-10	Preventive	Overheating	16.7	9540	Ravi	Medium	In Progress	Under Maintenance	Motor	1.4	10
AST1811	Chennai	Quality	Conveyor	Machine-811	2021	2026-04-03	Preventive	Bearing Failure	7.7	33384	Rahul	Low	Completed	Idle	Valve	4.1	5
AST1812	Vizag	Production	Compressor	Machine-812	2019	2026-06-12	Preventive	Motor Failure	12	42867	Meena	Low	Completed	Under Maintenance	Sensor	5.1	7
AST1813	Bengaluru	Assembly	Compressor	Machine-813	2023	2026-06-03	Corrective	Sensor Fault	16.7	14138	Meena	Low	Pending	Active	Belt	5.4	3
AST1814	Pune	Assembly	Compressor	Machine-814	2016	2026-02-25	Preventive	Motor Failure	4.3	9795	Anil	High	In Progress	Active	Bearing	3.8	10
AST1815	Pune	Quality	Pump	Machine-815	2022	2026-06-16	Corrective	Overheating	9.5	27710	Kumar	High	Completed	Active	None	8.5	4
AST1816	Vizag	Assembly	Generator	Machine-816	2025	2026-03-13	Corrective	Electrical Fault	6	14989	Rahul	Critical	In Progress	Under Maintenance	Valve	6.2	1
AST1817	Pune	Utilities	Conveyor	Machine-817	2018	2026-07-28	Corrective	Overheating	4	24628	Anil	Low	In Progress	Active	Bearing	9.6	8
AST1818	Vizag	Packaging	Generator	Machine-818	2018	2026-05-31	Corrective	No Failure	17.1	36266	Anil	Critical	Completed	Active	Motor	8.2	8
AST1819	Chennai	Packaging	Compressor	Machine-819	2020	2026-07-22	Preventive	No Failure	7	11005	Anil	Low	Completed	Under Maintenance	None	0.6	6
AST1820	Vizag	Utilities	Robot Arm	Machine-820	2019	2026-02-24	Preventive	Motor Failure	10.3	26770	Anil	Medium	Pending	Active	Bearing	5.8	7
AST1821	Hyderabad	Utilities	Pump	Machine-821	2025	2026-06-05	Preventive	Overheating	6.1	22479	Kumar	Medium	Completed	Under Maintenance	Valve	0.9	1
AST1822	Hyderabad	Assembly	Boiler	Machine-822	2018	2026-04-18	Preventive	Sensor Fault	10.8	16994	Meena	Low	In Progress	Active	None	7.9	8
AST1823	Vizag	Packaging	Compressor	Machine-823	2023	2026-01-02	Corrective	Overheating	1.1	36461	Meena	Low	In Progress	Idle	Bearing	1.2	3
AST1824	Vizag	Packaging	CNC Machine	Machine-824	2015	2026-07-25	Preventive	Sensor Fault	7.5	37967	Anil	Critical	Pending	Active	Valve	3.3	11
AST1825	Hyderabad	Packaging	Generator	Machine-825	2021	2026-05-07	Preventive	Motor Failure	1.3	2181	Kumar	Low	In Progress	Idle	None	4.6	5
AST1826	Chennai	Packaging	Robot Arm	Machine-826	2016	2026-01-23	Predictive	Bearing Failure	16.8	4940	Anil	Low	Completed	Active	Sensor	1.2	10
AST1827	Bengaluru	Quality	CNC Machine	Machine-827	2019	2026-06-26	Corrective	Motor Failure	10.7	9357	Kumar	High	Completed	Idle	Valve	6.6	7
AST1828	Bengaluru	Utilities	Compressor	Machine-828	2024	2026-02-01	Corrective	No Failure	9.1	19885	Anil	Critical	Completed	Active	Sensor	7.8	2
AST1829	Pune	Utilities	Robot Arm	Machine-829	2025	2026-01-22	Predictive	No Failure	11.8	14993	Rahul	Low	Completed	Under Maintenance	Bearing	2.5	1
AST1830	Vizag	Quality	Compressor	Machine-830	2024	2026-02-25	Preventive	Sensor Fault	4.2	40200	Meena	High	In Progress	Idle	Valve	6.7	2
AST1831	Chennai	Production	CNC Machine	Machine-831	2022	2026-01-28	Preventive	Overheating	15.7	35150	Kumar	Critical	Completed	Active	Sensor	4.5	4
AST1832	Bengaluru	Assembly	Compressor	Machine-832	2024	2026-03-20	Preventive	Bearing Failure	13.5	17265	Ravi	Critical	Completed	Under Maintenance	Bearing	5	2
AST1833	Pune	Packaging	Conveyor	Machine-833	2022	2026-04-26	Predictive	Bearing Failure	6.7	15397	Kumar	Critical	Pending	Under Maintenance	Belt	3.7	4
AST1834	Pune	Assembly	Conveyor	Machine-834	2021	2026-03-11	Corrective	No Failure	16.7	14209	Anil	Medium	In Progress	Active	Belt	3.1	5
AST1835	Bengaluru	Quality	Conveyor	Machine-835	2023	2026-05-07	Corrective	No Failure	4.9	8779	Kumar	Low	Completed	Active	Belt	3	3
AST1836	Hyderabad	Packaging	Compressor	Machine-836	2015	2026-05-17	Predictive	No Failure	13	27184	Priya	Low	Completed	Idle	None	3	11
AST1837	Chennai	Packaging	Pump	Machine-837	2017	2026-02-13	Preventive	Electrical Fault	5.5	1703	Ravi	Medium	Pending	Idle	Belt	5	9
AST1838	Chennai	Production	CNC Machine	Machine-838	2018	2026-06-26	Corrective	Motor Failure	3.8	31333	Kumar	Low	Pending	Under Maintenance	Valve	3.7	8
AST1839	Hyderabad	Production	Pump	Machine-839	2016	2026-03-09	Corrective	Bearing Failure	10.9	32552	Meena	Low	In Progress	Active	Valve	1.5	10
AST1840	Pune	Production	Generator	Machine-840	2014	2026-05-26	Corrective	Motor Failure	14.1	8053	Anil	High	In Progress	Under Maintenance	None	3.8	12
AST1841	Vizag	Packaging	CNC Machine	Machine-841	2022	2026-03-07	Preventive	Sensor Fault	5.8	23371	Meena	Critical	Completed	Under Maintenance	None	5.4	4
AST1842	Chennai	Quality	Robot Arm	Machine-842	2024	2026-01-06	Preventive	Motor Failure	6.8	3525	Kumar	Critical	In Progress	Active	None	1.3	2
AST1843	Hyderabad	Packaging	Pump	Machine-843	2020	2026-06-13	Corrective	Overheating	17.8	36031	Kumar	High	Pending	Under Maintenance	Sensor	4.2	6
AST1844	Pune	Production	Conveyor	Machine-844	2020	2026-03-12	Corrective	No Failure	6.5	41632	Ravi	Critical	In Progress	Idle	Sensor	3.2	6
AST1845	Chennai	Quality	Pump	Machine-845	2014	2026-05-08	Preventive	Sensor Fault	11.4	12156	Anil	Critical	In Progress	Active	Sensor	0.6	12
AST1846	Pune	Utilities	Conveyor	Machine-846	2014	2026-02-25	Preventive	Sensor Fault	0.6	24585	Rahul	Low	Completed	Under Maintenance	Motor	3.8	12
AST1847	Bengaluru	Utilities	Compressor	Machine-847	2018	2026-07-21	Predictive	No Failure	5.2	14392	Priya	Low	In Progress	Active	Bearing	5	8
AST1848	Vizag	Quality	Boiler	Machine-848	2019	2026-03-05	Predictive	Bearing Failure	16.1	21293	Meena	High	Completed	Idle	Valve	6.9	7
AST1849	Bengaluru	Production	Pump	Machine-849	2019	2026-07-25	Corrective	Sensor Fault	2.9	37825	Kumar	High	In Progress	Active	Sensor	5.9	7
AST1850	Bengaluru	Production	Boiler	Machine-850	2024	2026-04-29	Corrective	Overheating	2.2	36009	Priya	High	Pending	Idle	None	3.9	2
AST1851	Vizag	Quality	Boiler	Machine-851	2019	2026-04-20	Preventive	Electrical Fault	1	29085	Ravi	Medium	Pending	Under Maintenance	Motor	6	7
AST1852	Bengaluru	Utilities	Generator	Machine-852	2019	2026-02-02	Predictive	Bearing Failure	13.7	27233	Kumar	Critical	Pending	Active	Valve	8.2	7
AST1853	Hyderabad	Assembly	Conveyor	Machine-853	2022	2026-04-28	Preventive	No Failure	2.4	40450	Ravi	High	Pending	Under Maintenance	None	3.6	4
AST1854	Bengaluru	Utilities	Pump	Machine-854	2014	2026-02-01	Corrective	No Failure	4.1	10947	Meena	Critical	Completed	Active	None	6.6	12
AST1855	Pune	Assembly	Robot Arm	Machine-855	2016	2026-03-19	Preventive	No Failure	4	5900	Ravi	Medium	Pending	Active	Belt	1.4	10
AST1856	Vizag	Assembly	Robot Arm	Machine-856	2017	2026-01-27	Corrective	Overheating	1.5	9483	Anil	Critical	In Progress	Active	Motor	8.5	9
AST1857	Bengaluru	Quality	Robot Arm	Machine-857	2022	2026-03-08	Corrective	Bearing Failure	8.1	43193	Ravi	Medium	Completed	Idle	None	2.8	4
AST1858	Bengaluru	Production	Boiler	Machine-858	2022	2026-07-09	Preventive	Sensor Fault	12.2	40085	Priya	High	Pending	Under Maintenance	Valve	4.2	4
AST1859	Vizag	Quality	Compressor	Machine-859	2015	2026-04-29	Preventive	Overheating	2.6	27021	Ravi	High	Completed	Idle	None	9	11
AST1860	Hyderabad	Packaging	Compressor	Machine-860	2023	2026-04-24	Preventive	No Failure	8.5	2097	Kumar	High	Pending	Idle	Motor	3.8	3
AST1861	Vizag	Utilities	Conveyor	Machine-861	2025	2026-05-15	Preventive	Motor Failure	6.7	38406	Anil	Critical	Pending	Active	Sensor	8	1
AST1862	Vizag	Assembly	Robot Arm	Machine-862	2024	2026-03-19	Corrective	Overheating	17.3	41204	Rahul	Medium	Pending	Idle	Belt	7.9	2
AST1863	Chennai	Packaging	Generator	Machine-863	2022	2026-03-08	Predictive	Sensor Fault	10.7	27961	Ravi	Low	Completed	Idle	Motor	2.7	4
AST1864	Vizag	Quality	CNC Machine	Machine-864	2024	2026-01-28	Corrective	No Failure	14.4	8409	Kumar	Critical	In Progress	Active	Bearing	6.3	2
AST1865	Hyderabad	Quality	Robot Arm	Machine-865	2015	2026-01-10	Preventive	No Failure	15.2	12907	Anil	Low	Pending	Under Maintenance	Valve	1.8	11
AST1866	Bengaluru	Production	Compressor	Machine-866	2024	2026-05-27	Preventive	Overheating	12.4	16278	Kumar	Medium	In Progress	Idle	Motor	1.3	2
AST1867	Hyderabad	Production	Conveyor	Machine-867	2014	2026-06-11	Corrective	Bearing Failure	6.8	28240	Meena	Low	In Progress	Active	None	7.4	12
AST1868	Bengaluru	Quality	Compressor	Machine-868	2025	2026-06-14	Corrective	Electrical Fault	15	34323	Anil	High	Pending	Idle	Motor	8.1	1
AST1869	Vizag	Assembly	Generator	Machine-869	2021	2026-04-20	Preventive	Electrical Fault	5.7	9228	Priya	Medium	Completed	Idle	Belt	3.6	5
AST1870	Pune	Packaging	Boiler	Machine-870	2017	2026-07-30	Corrective	Bearing Failure	15.8	11845	Anil	Low	Pending	Idle	Motor	8.6	9
AST1871	Pune	Quality	Generator	Machine-871	2023	2026-05-09	Preventive	No Failure	16.1	39692	Priya	High	Pending	Active	Bearing	3.7	3
AST1872	Pune	Assembly	Compressor	Machine-872	2018	2026-02-21	Preventive	No Failure	6.3	44972	Ravi	Medium	In Progress	Active	Belt	9.1	8
AST1873	Hyderabad	Packaging	Conveyor	Machine-873	2025	2026-07-15	Predictive	Electrical Fault	13.4	6781	Meena	Critical	Completed	Under Maintenance	None	0.9	1
AST1874	Bengaluru	Production	Pump	Machine-874	2014	2026-05-08	Preventive	Overheating	5.8	16426	Ravi	Low	Completed	Active	Belt	6.3	12
AST1875	Hyderabad	Utilities	Boiler	Machine-875	2020	2026-06-24	Preventive	Overheating	12.7	29662	Rahul	Critical	Pending	Active	Bearing	4.7	6
AST1876	Pune	Production	CNC Machine	Machine-876	2023	2026-04-05	Preventive	Bearing Failure	4.7	7528	Meena	Low	Completed	Under Maintenance	None	7.6	3
AST1877	Hyderabad	Assembly	Robot Arm	Machine-877	2022	2026-05-26	Corrective	Bearing Failure	1.8	9804	Priya	Medium	In Progress	Active	Sensor	3.8	4
AST1878	Pune	Production	Generator	Machine-878	2024	2026-03-04	Preventive	No Failure	2.6	6533	Ravi	High	Pending	Active	Valve	7.2	2
AST1879	Vizag	Packaging	CNC Machine	Machine-879	2019	2026-02-26	Corrective	Sensor Fault	15.7	17504	Meena	High	In Progress	Idle	Belt	5.3	7
AST1880	Vizag	Utilities	Boiler	Machine-880	2014	2026-03-30	Preventive	Motor Failure	16.5	35643	Kumar	High	Pending	Idle	Motor	1.7	12
AST1881	Chennai	Assembly	Compressor	Machine-881	2025	2026-07-28	Corrective	No Failure	13.9	8986	Ravi	Critical	Completed	Under Maintenance	Sensor	6.1	1
AST1882	Hyderabad	Packaging	Robot Arm	Machine-882	2018	2026-01-22	Corrective	Overheating	0.8	26573	Priya	Critical	Completed	Active	Motor	4.1	8
AST1883	Bengaluru	Assembly	Pump	Machine-883	2024	2026-04-21	Preventive	Electrical Fault	13.9	3203	Meena	High	In Progress	Idle	Motor	7.7	2
AST1884	Bengaluru	Quality	Robot Arm	Machine-884	2019	2026-07-05	Preventive	No Failure	16.7	5243	Ravi	Critical	Pending	Idle	Sensor	8.7	7
AST1885	Vizag	Utilities	Pump	Machine-885	2022	2026-04-29	Corrective	Electrical Fault	5.1	26488	Priya	Medium	Completed	Active	Sensor	8.1	4
AST1886	Chennai	Utilities	CNC Machine	Machine-886	2018	2026-01-22	Preventive	Overheating	1.2	19474	Anil	High	Pending	Under Maintenance	None	8.2	8
AST1887	Hyderabad	Packaging	Generator	Machine-887	2023	2026-01-04	Corrective	Sensor Fault	15.3	30585	Priya	Low	In Progress	Active	Valve	0.9	3
AST1888	Bengaluru	Production	Boiler	Machine-888	2019	2026-05-03	Preventive	Bearing Failure	5.3	41498	Meena	High	Completed	Under Maintenance	Motor	3	7
AST1889	Vizag	Production	Compressor	Machine-889	2018	2026-03-08	Corrective	Motor Failure	15.7	44490	Ravi	Medium	Completed	Idle	Bearing	2.3	8
AST1890	Bengaluru	Packaging	Conveyor	Machine-890	2022	2026-04-23	Corrective	Motor Failure	1.6	18477	Anil	Low	Pending	Under Maintenance	Belt	7.3	4
AST1891	Pune	Assembly	Conveyor	Machine-891	2023	2026-03-02	Corrective	Bearing Failure	9.4	17030	Kumar	High	Pending	Under Maintenance	None	4.5	3
AST1892	Pune	Production	Conveyor	Machine-892	2024	2026-04-20	Preventive	Sensor Fault	6.4	28247	Rahul	High	In Progress	Under Maintenance	Belt	0.8	2
AST1893	Pune	Production	Generator	Machine-893	2019	2026-01-12	Preventive	Electrical Fault	4.2	22019	Meena	High	Completed	Under Maintenance	Belt	0.8	7
AST1894	Vizag	Assembly	Conveyor	Machine-894	2025	2026-02-08	Predictive	Motor Failure	10.4	39146	Rahul	Critical	Pending	Idle	Bearing	8.6	1
AST1895	Hyderabad	Utilities	Boiler	Machine-895	2022	2026-07-24	Corrective	Electrical Fault	8.2	19141	Kumar	High	Completed	Under Maintenance	Motor	8.1	4
AST1896	Vizag	Packaging	Pump	Machine-896	2019	2026-03-01	Predictive	No Failure	4.7	28364	Anil	Low	In Progress	Idle	Belt	1.2	7
AST1897	Vizag	Utilities	Compressor	Machine-897	2019	2026-06-17	Preventive	Overheating	4.5	9710	Meena	Medium	In Progress	Idle	Belt	6.8	7
AST1898	Pune	Packaging	CNC Machine	Machine-898	2023	2026-03-08	Preventive	Overheating	7.9	11225	Meena	Critical	Pending	Active	Motor	8.8	3
AST1899	Hyderabad	Quality	CNC Machine	Machine-899	2014	2026-02-12	Corrective	No Failure	16.8	8118	Kumar	Low	In Progress	Active	None	2.1	12
AST1900	Bengaluru	Utilities	Boiler	Machine-900	2015	2026-02-03	Predictive	Sensor Fault	2.7	37999	Kumar	High	Completed	Under Maintenance	Sensor	6.1	11
AST1901	Hyderabad	Assembly	Pump	Machine-901	2023	2026-01-28	Predictive	Overheating	16.4	42842	Priya	Critical	In Progress	Under Maintenance	None	1.8	3
AST1902	Bengaluru	Utilities	Conveyor	Machine-902	2016	2026-07-05	Preventive	Bearing Failure	10.9	25740	Rahul	Critical	In Progress	Under Maintenance	Valve	2.2	10
AST1903	Pune	Assembly	Compressor	Machine-903	2025	2026-05-31	Preventive	Sensor Fault	1.3	35426	Meena	Critical	In Progress	Under Maintenance	Valve	3.5	1
AST1904	Hyderabad	Production	Boiler	Machine-904	2016	2026-02-06	Corrective	Electrical Fault	15.9	22102	Ravi	High	In Progress	Active	Bearing	3.2	10
AST1905	Chennai	Production	CNC Machine	Machine-905	2021	2026-04-23	Predictive	Sensor Fault	17.8	8454	Kumar	High	Completed	Active	Motor	5.7	5
AST1906	Chennai	Assembly	Generator	Machine-906	2022	2026-07-13	Predictive	Electrical Fault	9.9	14288	Ravi	Critical	Completed	Under Maintenance	Motor	3.2	4
AST1907	Vizag	Utilities	Compressor	Machine-907	2023	2026-04-20	Corrective	Sensor Fault	16.6	9360	Priya	Critical	In Progress	Under Maintenance	Bearing	8.7	3
AST1908	Hyderabad	Packaging	Robot Arm	Machine-908	2018	2026-07-07	Preventive	Motor Failure	13.2	22937	Kumar	High	In Progress	Under Maintenance	None	7.5	8
AST1909	Hyderabad	Packaging	Conveyor	Machine-909	2024	2026-07-18	Preventive	No Failure	14.4	22309	Kumar	Low	Pending	Idle	Bearing	2.8	2
AST1910	Chennai	Production	CNC Machine	Machine-910	2023	2026-04-07	Preventive	Overheating	14.7	34053	Anil	Medium	Completed	Idle	Bearing	9.5	3
AST1911	Chennai	Assembly	Boiler	Machine-911	2025	2026-07-11	Preventive	Electrical Fault	11.2	13172	Ravi	Critical	Pending	Under Maintenance	Belt	4.1	1
AST1912	Pune	Quality	Generator	Machine-912	2023	2026-03-02	Corrective	Motor Failure	15.9	16697	Anil	Critical	In Progress	Idle	Valve	6.2	3
AST1913	Pune	Assembly	Compressor	Machine-913	2022	2026-05-04	Preventive	Sensor Fault	7.8	30805	Anil	Medium	Pending	Under Maintenance	Bearing	2.2	4
AST1914	Hyderabad	Packaging	Pump	Machine-914	2019	2026-06-19	Preventive	Motor Failure	14	33202	Priya	Critical	Pending	Active	Bearing	3.3	7
AST1915	Vizag	Assembly	Generator	Machine-915	2022	2026-02-25	Corrective	Sensor Fault	12.3	28450	Priya	Critical	In Progress	Under Maintenance	Sensor	9.2	4
AST1916	Chennai	Packaging	Pump	Machine-916	2018	2026-05-05	Corrective	Sensor Fault	8.3	16003	Meena	Medium	Pending	Active	None	1.5	8
AST1917	Pune	Production	Generator	Machine-917	2023	2026-06-06	Corrective	No Failure	0.9	26350	Ravi	High	In Progress	Idle	Bearing	6.7	3
AST1918	Pune	Utilities	Compressor	Machine-918	2022	2026-02-23	Predictive	Electrical Fault	7.4	16529	Anil	Medium	In Progress	Under Maintenance	Valve	2.5	4
AST1919	Hyderabad	Assembly	Robot Arm	Machine-919	2025	2026-03-05	Preventive	Electrical Fault	2.3	27579	Priya	Low	Completed	Under Maintenance	Sensor	0.7	1
AST1920	Chennai	Assembly	CNC Machine	Machine-920	2024	2026-07-17	Corrective	Overheating	12	10097	Rahul	High	Completed	Active	Bearing	5.3	2
AST1921	Vizag	Assembly	Conveyor	Machine-921	2025	2026-07-15	Corrective	Electrical Fault	11.1	11451	Ravi	Critical	Completed	Idle	Sensor	8	1
AST1922	Hyderabad	Packaging	CNC Machine	Machine-922	2020	2026-05-12	Preventive	Bearing Failure	5.1	44494	Meena	Critical	In Progress	Under Maintenance	Valve	1.4	6
AST1923	Pune	Quality	CNC Machine	Machine-923	2020	2026-05-24	Predictive	Electrical Fault	9.4	26561	Ravi	Critical	Pending	Under Maintenance	Sensor	7.7	6
AST1924	Vizag	Production	Generator	Machine-924	2025	2026-01-28	Predictive	Overheating	14	30800	Anil	Critical	Pending	Active	None	3.5	1
AST1925	Hyderabad	Assembly	Generator	Machine-925	2016	2026-07-27	Preventive	Overheating	10.9	6997	Kumar	Critical	Pending	Under Maintenance	Belt	7.4	10
AST1926	Chennai	Assembly	Robot Arm	Machine-926	2023	2026-07-14	Preventive	Overheating	6	23642	Kumar	Low	In Progress	Idle	Belt	6.2	3
AST1927	Chennai	Utilities	Robot Arm	Machine-927	2014	2026-03-10	Preventive	Overheating	6	44230	Kumar	High	In Progress	Idle	Valve	5.4	12
AST1928	Hyderabad	Assembly	Boiler	Machine-928	2025	2026-07-07	Corrective	Overheating	2.7	2392	Kumar	Low	Completed	Active	Valve	8.8	1
AST1929	Vizag	Quality	Compressor	Machine-929	2015	2026-01-10	Corrective	Electrical Fault	9	37353	Priya	Critical	Completed	Under Maintenance	Bearing	4.6	11
AST1930	Pune	Utilities	CNC Machine	Machine-930	2018	2026-07-04	Corrective	Sensor Fault	10.4	12375	Kumar	High	Pending	Idle	Motor	8.1	8
AST1931	Bengaluru	Utilities	CNC Machine	Machine-931	2025	2026-04-06	Preventive	Motor Failure	16.9	10369	Kumar	Critical	Completed	Under Maintenance	Valve	2.2	1
AST1932	Hyderabad	Packaging	Pump	Machine-932	2021	2026-01-18	Preventive	No Failure	2.1	31554	Anil	Low	Completed	Idle	Valve	6.1	5
AST1933	Bengaluru	Production	CNC Machine	Machine-933	2015	2026-03-31	Corrective	Motor Failure	5.3	29429	Meena	High	In Progress	Idle	Valve	9.4	11
AST1934	Chennai	Assembly	Generator	Machine-934	2022	2026-05-19	Preventive	No Failure	4.3	13186	Anil	Low	Completed	Idle	Belt	6.6	4
AST1935	Bengaluru	Utilities	Generator	Machine-935	2020	2026-03-26	Preventive	No Failure	15.7	32525	Kumar	Medium	Completed	Active	Motor	1.4	6
AST1936	Chennai	Production	Boiler	Machine-936	2023	2026-02-07	Predictive	Sensor Fault	1.9	4920	Kumar	Critical	In Progress	Idle	Valve	3.6	3
AST1937	Hyderabad	Production	Generator	Machine-937	2022	2026-07-14	Preventive	Overheating	12.9	24764	Anil	High	Pending	Active	Belt	8.5	4
AST1938	Pune	Production	Robot Arm	Machine-938	2016	2026-06-12	Preventive	Overheating	9.1	17919	Rahul	Low	Pending	Under Maintenance	None	3.8	10
AST1939	Vizag	Packaging	Pump	Machine-939	2014	2026-04-04	Preventive	Electrical Fault	10.3	14016	Priya	High	Completed	Idle	Bearing	2.4	12
AST1940	Chennai	Assembly	Generator	Machine-940	2019	2026-05-15	Preventive	Bearing Failure	16.4	18130	Meena	Low	Pending	Under Maintenance	Bearing	6.6	7
AST1941	Vizag	Assembly	Pump	Machine-941	2024	2026-05-03	Corrective	Sensor Fault	11.4	38998	Ravi	Critical	Pending	Idle	Valve	5.2	2
AST1942	Bengaluru	Assembly	Conveyor	Machine-942	2021	2026-07-11	Preventive	Electrical Fault	16.1	11539	Rahul	Medium	Completed	Active	Valve	8.4	5
AST1943	Vizag	Assembly	CNC Machine	Machine-943	2015	2026-01-15	Preventive	Electrical Fault	5.4	14225	Rahul	Low	In Progress	Idle	Sensor	9	11
AST1944	Pune	Utilities	Conveyor	Machine-944	2016	2026-05-31	Predictive	Overheating	7.8	5529	Ravi	Medium	Pending	Active	None	3	10
AST1945	Hyderabad	Packaging	Generator	Machine-945	2016	2026-04-24	Preventive	Electrical Fault	7.7	43135	Rahul	Low	In Progress	Under Maintenance	Belt	3.8	10
AST1946	Bengaluru	Assembly	Generator	Machine-946	2019	2026-04-30	Predictive	Bearing Failure	2.5	7435	Kumar	Low	Completed	Under Maintenance	Belt	6.5	7
AST1947	Chennai	Assembly	Compressor	Machine-947	2014	2026-07-16	Corrective	Overheating	1.9	17669	Anil	Medium	Pending	Idle	Motor	3.4	12
AST1948	Pune	Production	CNC Machine	Machine-948	2020	2026-06-30	Preventive	Sensor Fault	7.7	13836	Anil	Medium	Completed	Under Maintenance	Sensor	7.1	6
AST1949	Vizag	Packaging	Generator	Machine-949	2018	2026-01-24	Preventive	No Failure	9.7	42854	Rahul	Medium	Completed	Idle	Valve	2	8
AST1950	Vizag	Packaging	Pump	Machine-950	2023	2026-02-23	Corrective	Sensor Fault	4.1	34514	Meena	High	Completed	Idle	Motor	3	3
AST1951	Hyderabad	Assembly	Generator	Machine-951	2021	2026-03-08	Corrective	Motor Failure	8.8	32121	Meena	High	In Progress	Idle	Valve	6.8	5
AST1952	Hyderabad	Packaging	Robot Arm	Machine-952	2014	2026-03-24	Predictive	Motor Failure	7.9	23435	Anil	Low	Completed	Under Maintenance	Sensor	2	12
AST1953	Hyderabad	Quality	Robot Arm	Machine-953	2022	2026-02-17	Corrective	Electrical Fault	10.6	30006	Rahul	Critical	In Progress	Active	Sensor	7.4	4
AST1954	Vizag	Quality	CNC Machine	Machine-954	2023	2026-03-28	Preventive	Motor Failure	13.9	34724	Ravi	Critical	In Progress	Under Maintenance	Belt	4.3	3
AST1955	Bengaluru	Production	CNC Machine	Machine-955	2014	2026-02-11	Predictive	No Failure	17	14506	Meena	Medium	Completed	Idle	Sensor	8	12
AST1956	Pune	Production	Robot Arm	Machine-956	2014	2026-01-24	Preventive	Overheating	3.4	1555	Rahul	Medium	Completed	Active	Sensor	3.4	12
AST1957	Chennai	Quality	Conveyor	Machine-957	2016	2026-03-02	Corrective	Motor Failure	12.5	26027	Ravi	Critical	Completed	Under Maintenance	Bearing	5	10
AST1958	Chennai	Quality	Pump	Machine-958	2024	2026-04-11	Preventive	Overheating	12.9	7779	Priya	Medium	In Progress	Active	Valve	7.8	2
AST1959	Vizag	Utilities	Boiler	Machine-959	2018	2026-07-29	Corrective	Sensor Fault	9	39932	Ravi	Medium	Pending	Active	Motor	4	8
AST1960	Hyderabad	Utilities	Generator	Machine-960	2019	2026-05-09	Corrective	Bearing Failure	11.8	10549	Priya	Medium	Completed	Active	Sensor	4.6	7
AST1961	Chennai	Quality	Compressor	Machine-961	2019	2026-04-09	Preventive	Overheating	12.3	33000	Ravi	High	In Progress	Active	Motor	4.3	7
AST1962	Vizag	Assembly	CNC Machine	Machine-962	2022	2026-01-28	Corrective	Bearing Failure	12	28007	Ravi	Medium	In Progress	Active	Belt	5.3	4
AST1963	Hyderabad	Quality	Pump	Machine-963	2024	2026-04-27	Predictive	Overheating	7.9	5072	Anil	Critical	In Progress	Idle	None	1.6	2
AST1964	Pune	Quality	Pump	Machine-964	2021	2026-05-09	Preventive	Electrical Fault	17.5	8818	Kumar	Critical	Pending	Under Maintenance	None	1.3	5
AST1965	Bengaluru	Packaging	Compressor	Machine-965	2014	2026-03-28	Corrective	Electrical Fault	13.2	31318	Priya	Low	In Progress	Under Maintenance	Bearing	1.7	12
AST1966	Pune	Assembly	Generator	Machine-966	2021	2026-04-28	Corrective	Sensor Fault	7.9	20908	Ravi	High	Completed	Under Maintenance	Sensor	4.5	5
AST1967	Pune	Assembly	Generator	Machine-967	2021	2026-03-25	Preventive	No Failure	1.1	27466	Kumar	Medium	Completed	Idle	Bearing	1.7	5
AST1968	Vizag	Quality	CNC Machine	Machine-968	2016	2026-06-12	Preventive	Overheating	12.6	17497	Rahul	Critical	Completed	Active	Sensor	4	10
AST1969	Hyderabad	Quality	Generator	Machine-969	2016	2026-06-05	Predictive	Bearing Failure	6.4	43229	Rahul	High	In Progress	Under Maintenance	Bearing	2.2	10
AST1970	Hyderabad	Quality	Conveyor	Machine-970	2025	2026-03-07	Corrective	Electrical Fault	5.1	21370	Meena	Medium	Pending	Active	Sensor	5.9	1
AST1971	Vizag	Packaging	Pump	Machine-971	2017	2026-07-14	Corrective	Motor Failure	5.3	4497	Meena	Critical	Completed	Idle	Sensor	3.1	9
AST1972	Hyderabad	Quality	Pump	Machine-972	2020	2026-02-23	Preventive	Sensor Fault	8.6	43105	Anil	Low	Completed	Active	Bearing	7.2	6
AST1973	Bengaluru	Packaging	Pump	Machine-973	2017	2026-01-17	Corrective	Overheating	10.8	43100	Meena	High	Pending	Under Maintenance	Valve	9.3	9
AST1974	Pune	Packaging	CNC Machine	Machine-974	2014	2026-03-29	Corrective	Motor Failure	8.6	34200	Kumar	Medium	Pending	Under Maintenance	Sensor	4.3	12
AST1975	Hyderabad	Quality	Generator	Machine-975	2024	2026-05-27	Predictive	Bearing Failure	4.1	36207	Anil	High	In Progress	Under Maintenance	Valve	6.9	2
AST1976	Bengaluru	Utilities	Compressor	Machine-976	2014	2026-02-09	Corrective	Electrical Fault	8.1	3034	Anil	Critical	Completed	Under Maintenance	Belt	1.8	12
AST1977	Hyderabad	Quality	Compressor	Machine-977	2023	2026-02-01	Preventive	Bearing Failure	10.5	13206	Kumar	Critical	Pending	Under Maintenance	Sensor	7.6	3
AST1978	Pune	Packaging	Robot Arm	Machine-978	2020	2026-06-03	Preventive	Bearing Failure	12.1	42992	Rahul	High	Pending	Idle	Belt	4.2	6
AST1979	Vizag	Packaging	Robot Arm	Machine-979	2020	2026-05-07	Predictive	Motor Failure	16.7	13140	Priya	High	Completed	Idle	Sensor	7.7	6
AST1980	Hyderabad	Quality	Generator	Machine-980	2024	2026-02-14	Corrective	Overheating	7.7	43208	Ravi	Medium	Completed	Idle	Belt	5.3	2
AST1981	Bengaluru	Quality	Conveyor	Machine-981	2015	2026-06-03	Preventive	Motor Failure	3.4	42492	Priya	Low	In Progress	Active	None	6.2	11
AST1982	Bengaluru	Utilities	Robot Arm	Machine-982	2024	2026-04-10	Preventive	Motor Failure	8.5	17183	Kumar	Critical	Pending	Active	Sensor	1.8	2
AST1983	Chennai	Utilities	Boiler	Machine-983	2015	2026-01-08	Preventive	No Failure	11.1	17352	Kumar	Critical	Pending	Idle	Bearing	8.1	11
AST1984	Chennai	Quality	Pump	Machine-984	2019	2026-02-10	Predictive	Bearing Failure	13.6	28130	Meena	Critical	In Progress	Active	Valve	9.6	7
AST1985	Hyderabad	Utilities	Pump	Machine-985	2025	2026-05-18	Predictive	No Failure	0.9	33010	Rahul	Low	In Progress	Under Maintenance	None	7.8	1
AST1986	Bengaluru	Quality	Boiler	Machine-986	2019	2026-04-13	Corrective	Bearing Failure	3.1	18703	Meena	Low	Pending	Active	Sensor	4.4	7
AST1987	Chennai	Quality	Compressor	Machine-987	2019	2026-02-06	Preventive	Sensor Fault	11.7	6354	Priya	Critical	Completed	Under Maintenance	Sensor	3.3	7
AST1988	Vizag	Packaging	Generator	Machine-988	2021	2026-03-26	Preventive	Bearing Failure	13.8	11200	Meena	High	Completed	Active	Sensor	5.9	5
AST1989	Pune	Production	Generator	Machine-989	2025	2026-03-16	Corrective	Overheating	13	20825	Kumar	Medium	Completed	Idle	Sensor	8.7	1
AST1990	Chennai	Assembly	Robot Arm	Machine-990	2018	2026-06-13	Preventive	Sensor Fault	3.1	2290	Anil	High	Pending	Idle	None	8.8	8
AST1991	Vizag	Utilities	Compressor	Machine-991	2022	2026-04-14	Predictive	No Failure	3.2	34339	Anil	High	In Progress	Under Maintenance	None	2.1	4
AST1992	Chennai	Quality	Boiler	Machine-992	2022	2026-05-04	Preventive	Bearing Failure	6.5	21770	Kumar	Medium	Completed	Under Maintenance	Belt	7.9	4
AST1993	Chennai	Packaging	Boiler	Machine-993	2015	2026-06-16	Preventive	No Failure	16.4	35848	Kumar	Medium	In Progress	Idle	Bearing	4.3	11
AST1994	Bengaluru	Assembly	CNC Machine	Machine-994	2015	2026-03-26	Corrective	Electrical Fault	15.3	36740	Ravi	Low	In Progress	Idle	Belt	2.9	11
AST1995	Chennai	Production	Compressor	Machine-995	2018	2026-07-24	Corrective	Overheating	3.6	41420	Anil	High	Completed	Idle	Motor	7.5	8
AST1996	Bengaluru	Packaging	Conveyor	Machine-996	2015	2026-02-03	Preventive	Motor Failure	10.7	39594	Priya	Critical	Completed	Idle	Bearing	3.5	11
AST1997	Chennai	Quality	Conveyor	Machine-997	2024	2026-01-19	Preventive	Overheating	4	37044	Meena	Medium	Pending	Under Maintenance	Sensor	5.9	2
AST1998	Hyderabad	Quality	Robot Arm	Machine-998	2023	2026-04-21	Corrective	Electrical Fault	14.6	41766	Priya	Low	In Progress	Under Maintenance	Belt	3.1	3
AST1999	Pune	Utilities	Boiler	Machine-999	2024	2026-02-15	Corrective	No Failure	5.7	36377	Kumar	High	In Progress	Idle	Belt	5.3	2
AST2000	Hyderabad	Production	Boiler	Machine-1000	2024	2026-04-23	Preventive	Electrical Fault	8.7	12190	Kumar	Low	In Progress	Idle	Sensor	1.4	2
